time,temp_c,rh_pct,wind_ms,solar_wm2,wet_bulb_c,globe_temp_c,WBGT,risk_construction_laborer,risk_rickshaw_driver,risk_truck_driver,risk_road_paver,risk_street_vendor,risk_delivery_rider,risk_sabzi_mandi_seller,risk_shoe_shiner,risk_kabari_wala,risk_agricultural_worker,risk_cotton_picker,risk_fisherman,risk_salt_pan_worker,risk_garbage_collector,risk_sweeper,risk_naali_safai,risk_sewage_worker,risk_brick_kiln_worker,risk_tandoor_baker,risk_textile_mill_worker,risk_glass_factory_worker,risk_steel_furnace_worker,risk_cement_factory_worker,risk_ice_factory_worker,OMGI
2015-06-18 00:00:00,29.4,83,4.02,0.0,26.99977809597888,20.644,25.968644667185213,MODERATE,SAFE,SAFE,MODERATE,SAFE,SAFE,SAFE,SAFE,SAFE,MODERATE,MODERATE,SAFE,HIGH,MODERATE,SAFE,MODERATE,MODERATE,MODERATE,MODERATE,SAFE,HIGH,HIGH,MODERATE,SAFE,4.0
2015-06-18 01:00:00,29.2,84,4.1,0.0,26.953650200281512,20.22,25.83155514019706,MODERATE,SAFE,SAFE,MODERATE,SAFE,SAFE,SAFE,SAFE,SAFE,MODERATE,MODERATE,SAFE,HIGH,MODERATE,SAFE,MODERATE,MODERATE,MODERATE,MODERATE,SAFE,HIGH,HIGH,MODERATE,SAFE,3.8
2015-06-18 02:00:00,29.0,86,4.21,0.0,27.052447731831304,19.712000000000003,25.77911341228191,MODERATE,SAFE,SAFE,MODERATE,SAFE,SAFE,SAFE,SAFE,SAFE,MODERATE,MODERATE,SAFE,HIGH,MODERATE,SAFE,MODERATE,MODERATE,MODERATE,MODERATE,SAFE,HIGH,HIGH,MODERATE,SAFE,3.8
2015-06-18 03:00:00,28.9,86,3.8,0.0,26.954909777264508,20.76,25.910436844085154,MODERATE,SAFE,SAFE,MODERATE,SAFE,SAFE,SAFE,SAFE,SAFE,MODERATE,MODERATE,SAFE,HIGH,MODERATE,SAFE,MODERATE,MODERATE,MODERATE,MODERATE,SAFE,HIGH,HIGH,MODERATE,SAFE,3.9
2015-06-18 04:00:00,28.8,87,3.93,0.0,27.00285340417959,20.296,25.84119738292571,MODERATE,SAFE,SAFE,MODERATE,SAFE,SAFE,SAFE,SAFE,SAFE,MODERATE,MODERATE,SAFE,HIGH,MODERATE,SAFE,MODERATE,MODERATE,MODERATE,MODERATE,SAFE,HIGH,HIGH,MODERATE,SAFE,3.8
2015-06-18 05:00:00,28.7,87,3.96,0.0,26.905070907621965,20.112,25.725949635335372,MODERATE,SAFE,SAFE,MODERATE,SAFE,SAFE,SAFE,SAFE,SAFE,MODERATE,MODERATE,SAFE,HIGH,MODERATE,SAFE,MODERATE,MODERATE,MODERATE,MODERATE,SAFE,HIGH,HIGH,MODERATE,SAFE,3.7
2015-06-18 06:00:00,28.7,87,3.53,2.0,26.905070907621965,21.3394,25.97142963533537,MODERATE,SAFE,SAFE,MODERATE,SAFE,SAFE,SAFE,SAFE,SAFE,MODERATE,MODERATE,SAFE,HIGH,MODERATE,SAFE,MODERATE,MODERATE,MODERATE,MODERATE,SAFE,HIGH,HIGH,MODERATE,SAFE,4.0
2015-06-18 07:00:00,29.1,84,3.55,72.0,26.856610645100623,22.5024,26.210107451570437,MODERATE,SAFE,SAFE,HIGH,SAFE,MODERATE,SAFE,SAFE,MODERATE,MODERATE,MODERATE,MODERATE,HIGH,MODERATE,MODERATE,MODERATE,HIGH,MODERATE,HIGH,MODERATE,HIGH,HIGH,MODERATE,MODERATE,4.2
2015-06-18 08:00:00,30.2,75,3.28,238.0,26.558636373998997,26.300600000000003,26.871165461799293,MODERATE,SAFE,SAFE,HIGH,SAFE,MODERATE,SAFE,SAFE,MODERATE,MODERATE,MODERATE,MODERATE,HIGH,MODERATE,MODERATE,MODERATE,HIGH,MODERATE,HIGH,MODERATE,HIGH,HIGH,MODERATE,MODERATE,4.9
2015-06-18 09:00:00,31.8,64,3.18,432.0,26.287546228110426,30.4504,27.671362359677296,MODERATE,MODERATE,SAFE,HIGH,SAFE,MODERATE,MODERATE,MODERATE,MODERATE,HIGH,HIGH,MODERATE,HIGH,MODERATE,MODERATE,HIGH,HIGH,HIGH,HIGH,MODERATE,HIGH,EXTREME,MODERATE,MODERATE,5.7
2015-06-18 10:00:00,33.5,55,2.62,629.0,26.241013912752678,36.0233,28.923369738926876,HIGH,MODERATE,MODERATE,HIGH,MODERATE,MODERATE,MODERATE,MODERATE,MODERATE,HIGH,HIGH,MODERATE,EXTREME,HIGH,MODERATE,HIGH,HIGH,HIGH,HIGH,MODERATE,EXTREME,EXTREME,HIGH,MODERATE,6.9
2015-06-18 11:00:00,35.1,49,2.21,781.0,26.482576103191068,40.5497,30.15774327223375,HIGH,HIGH,MODERATE,EXTREME,MODERATE,HIGH,HIGH,HIGH,HIGH,EXTREME,EXTREME,HIGH,EXTREME,HIGH,HIGH,EXTREME,EXTREME,EXTREME,EXTREME,HIGH,EXTREME,EXTREME,HIGH,HIGH,8.2
2015-06-18 12:00:00,35.8,48,2.77,846.0,26.877573568413112,40.4422,30.48274149788917,HIGH,HIGH,MODERATE,EXTREME,MODERATE,HIGH,HIGH,HIGH,HIGH,EXTREME,EXTREME,HIGH,EXTREME,HIGH,HIGH,EXTREME,EXTREME,EXTREME,EXTREME,HIGH,EXTREME,EXTREME,HIGH,HIGH,8.5
2015-06-18 13:00:00,36.4,47,4.0,874.0,27.179672590985387,37.9258,30.25093081368977,HIGH,HIGH,MODERATE,EXTREME,MODERATE,HIGH,HIGH,HIGH,HIGH,EXTREME,EXTREME,HIGH,EXTREME,HIGH,HIGH,EXTREME,EXTREME,EXTREME,EXTREME,HIGH,EXTREME,EXTREME,HIGH,HIGH,8.3
2015-06-18 14:00:00,36.6,47,4.74,846.0,27.348998778729683,35.726200000000006,29.94953914511078,HIGH,MODERATE,MODERATE,EXTREME,MODERATE,MODERATE,MODERATE,MODERATE,HIGH,HIGH,HIGH,HIGH,EXTREME,HIGH,HIGH,HIGH,EXTREME,HIGH,EXTREME,HIGH,EXTREME,EXTREME,HIGH,HIGH,7.9
2015-06-18 15:00:00,36.2,48,4.81,721.0,27.21800263706884,33.6677,29.40614184594819,HIGH,MODERATE,MODERATE,EXTREME,MODERATE,MODERATE,MODERATE,MODERATE,HIGH,HIGH,HIGH,HIGH,EXTREME,HIGH,HIGH,HIGH,EXTREME,HIGH,EXTREME,HIGH,EXTREME,EXTREME,HIGH,HIGH,7.4
2015-06-18 16:00:00,35.7,51,4.84,600.0,27.39669302115012,31.668000000000006,29.08128511480508,HIGH,MODERATE,MODERATE,EXTREME,MODERATE,MODERATE,MODERATE,MODERATE,HIGH,HIGH,HIGH,HIGH,EXTREME,HIGH,HIGH,HIGH,EXTREME,HIGH,EXTREME,HIGH,EXTREME,EXTREME,HIGH,HIGH,7.1
2015-06-18 17:00:00,35.2,53,4.08,435.0,27.35417301918743,31.365500000000004,28.9410211134312,HIGH,MODERATE,MODERATE,HIGH,MODERATE,MODERATE,MODERATE,MODERATE,MODERATE,HIGH,HIGH,MODERATE,EXTREME,HIGH,MODERATE,HIGH,HIGH,HIGH,HIGH,MODERATE,EXTREME,EXTREME,HIGH,MODERATE,6.9
2015-06-18 18:00:00,34.3,57,4.74,227.0,27.314769630765053,26.1839,27.787118741535537,MODERATE,MODERATE,SAFE,HIGH,SAFE,MODERATE,MODERATE,MODERATE,MODERATE,HIGH,HIGH,MODERATE,HIGH,MODERATE,MODERATE,HIGH,HIGH,HIGH,HIGH,MODERATE,HIGH,EXTREME,MODERATE,MODERATE,5.8
2015-06-18 19:00:00,33.0,64,4.85,65.0,27.38238144609489,22.6805,27.003767012266422,MODERATE,MODERATE,SAFE,HIGH,SAFE,MODERATE,MODERATE,MODERATE,MODERATE,HIGH,HIGH,MODERATE,HIGH,MODERATE,MODERATE,HIGH,HIGH,HIGH,HIGH,MODERATE,HIGH,EXTREME,MODERATE,MODERATE,5.0
2015-06-18 20:00:00,32.1,69,4.49,4.0,27.388833249860426,22.0748,26.797143274902297,MODERATE,SAFE,SAFE,HIGH,SAFE,MODERATE,SAFE,SAFE,MODERATE,MODERATE,MODERATE,MODERATE,HIGH,MODERATE,MODERATE,MODERATE,HIGH,MODERATE,HIGH,MODERATE,HIGH,HIGH,MODERATE,MODERATE,4.8
2015-06-18 21:00:00,31.5,73,4.44,0.0,27.472422588790987,21.568,26.69429581215369,MODERATE,SAFE,SAFE,HIGH,SAFE,MODERATE,SAFE,SAFE,MODERATE,MODERATE,MODERATE,MODERATE,HIGH,MODERATE,MODERATE,MODERATE,HIGH,MODERATE,HIGH,MODERATE,HIGH,HIGH,MODERATE,MODERATE,4.7
2015-06-18 22:00:00,31.1,77,4.6,0.0,27.72204936012404,20.72,26.659434552086825,MODERATE,SAFE,SAFE,HIGH,SAFE,MODERATE,SAFE,SAFE,MODERATE,MODERATE,MODERATE,MODERATE,HIGH,MODERATE,MODERATE,MODERATE,HIGH,MODERATE,HIGH,MODERATE,HIGH,HIGH,MODERATE,MODERATE,4.7
2015-06-18 23:00:00,30.8,79,4.31,0.0,27.74446229794733,21.232000000000003,26.747523608563128,MODERATE,SAFE,SAFE,HIGH,SAFE,MODERATE,SAFE,SAFE,MODERATE,MODERATE,MODERATE,MODERATE,HIGH,MODERATE,MODERATE,MODERATE,HIGH,MODERATE,HIGH,MODERATE,HIGH,HIGH,MODERATE,MODERATE,4.7
2015-06-19 00:00:00,30.4,80,3.93,0.0,27.51370512547847,21.896,26.678793587834928,MODERATE,SAFE,SAFE,HIGH,SAFE,MODERATE,SAFE,SAFE,MODERATE,MODERATE,MODERATE,MODERATE,HIGH,MODERATE,MODERATE,MODERATE,HIGH,MODERATE,HIGH,MODERATE,HIGH,HIGH,MODERATE,MODERATE,4.7
2015-06-19 01:00:00,30.2,82,3.67,0.0,27.62368765931691,22.424,26.84138136152184,MODERATE,SAFE,SAFE,HIGH,SAFE,MODERATE,SAFE,SAFE,MODERATE,MODERATE,MODERATE,MODERATE,HIGH,MODERATE,MODERATE,MODERATE,HIGH,MODERATE,HIGH,MODERATE,HIGH,HIGH,MODERATE,MODERATE,4.8
2015-06-19 02:00:00,30.0,82,3.59,0.0,27.430631381990413,22.448,26.69104196739329,MODERATE,SAFE,SAFE,HIGH,SAFE,MODERATE,SAFE,SAFE,MODERATE,MODERATE,MODERATE,MODERATE,HIGH,MODERATE,MODERATE,MODERATE,HIGH,MODERATE,HIGH,MODERATE,HIGH,HIGH,MODERATE,MODERATE,4.7
2015-06-19 03:00:00,29.9,83,2.65,0.0,27.48370556264545,24.98,27.224593893851814,MODERATE,MODERATE,SAFE,HIGH,SAFE,MODERATE,MODERATE,MODERATE,MODERATE,HIGH,HIGH,MODERATE,HIGH,MODERATE,MODERATE,HIGH,HIGH,HIGH,HIGH,MODERATE,HIGH,EXTREME,MODERATE,MODERATE,5.2
2015-06-19 04:00:00,29.7,83,2.6,0.0,27.29013461792561,24.92,27.057094232547925,MODERATE,MODERATE,SAFE,HIGH,SAFE,MODERATE,MODERATE,MODERATE,MODERATE,HIGH,HIGH,MODERATE,HIGH,MODERATE,MODERATE,HIGH,HIGH,HIGH,HIGH,MODERATE,HIGH,EXTREME,MODERATE,MODERATE,5.1
2015-06-19 05:00:00,29.6,84,2.57,0.0,27.341808283513853,24.904000000000003,27.0800657984597,MODERATE,MODERATE,SAFE,HIGH,SAFE,MODERATE,MODERATE,MODERATE,MODERATE,HIGH,HIGH,MODERATE,HIGH,MODERATE,MODERATE,HIGH,HIGH,HIGH,HIGH,MODERATE,HIGH,EXTREME,MODERATE,MODERATE,5.1
2015-06-19 06:00:00,29.5,85,2.68,2.0,27.3926216225108,24.5194,27.02871513575756,MODERATE,MODERATE,SAFE,HIGH,SAFE,MODERATE,MODERATE,MODERATE,MODERATE,HIGH,HIGH,MODERATE,HIGH,MODERATE,MODERATE,HIGH,HIGH,HIGH,HIGH,MODERATE,HIGH,EXTREME,MODERATE,MODERATE,5.0
2015-06-19 07:00:00,30.0,82,2.92,74.0,27.430631381990413,25.1898,27.239401967393285,MODERATE,MODERATE,SAFE,HIGH,SAFE,MODERATE,MODERATE,MODERATE,MODERATE,HIGH,HIGH,MODERATE,HIGH,MODERATE,MODERATE,HIGH,HIGH,HIGH,HIGH,MODERATE,HIGH,EXTREME,MODERATE,MODERATE,5.2
2015-06-19 08:00:00,31.2,73,2.92,244.0,27.19026944442654,28.3788,27.82894861109858,MODERATE,MODERATE,SAFE,HIGH,SAFE,MODERATE,MODERATE,MODERATE,MODERATE,HIGH,HIGH,MODERATE,HIGH,MODERATE,MODERATE,HIGH,HIGH,HIGH,HIGH,MODERATE,HIGH,EXTREME,MODERATE,MODERATE,5.8
2015-06-19 09:00:00,32.7,63,2.86,436.0,26.93845874937229,32.2932,28.5855611245606,HIGH,MODERATE,MODERATE,HIGH,MODERATE,MODERATE,MODERATE,MODERATE,MODERATE,HIGH,HIGH,MODERATE,EXTREME,HIGH,MODERATE,HIGH,HIGH,HIGH,HIGH,MODERATE,EXTREME,EXTREME,HIGH,MODERATE,6.6
2015-06-19 10:00:00,34.2,55,2.75,631.0,26.85699316205,36.3827,29.496435213435,HIGH,MODERATE,MODERATE,EXTREME,MODERATE,MODERATE,MODERATE,MODERATE,HIGH,HIGH,HIGH,HIGH,EXTREME,HIGH,HIGH,HIGH,EXTREME,HIGH,EXTREME,HIGH,EXTREME,EXTREME,HIGH,HIGH,7.5
2015-06-19 11:00:00,35.6,49,2.73,784.0,26.91029193186541,39.628800000000005,30.32296435230579,HIGH,HIGH,MODERATE,EXTREME,MODERATE,HIGH,HIGH,HIGH,HIGH,EXTREME,EXTREME,HIGH,EXTREME,HIGH,HIGH,EXTREME,EXTREME,EXTREME,EXTREME,HIGH,EXTREME,EXTREME,HIGH,HIGH,8.3
2015-06-19 12:00:00,36.6,44,2.81,886.0,26.706937746862295,41.5982,30.674496422803607,HIGH,HIGH,MODERATE,EXTREME,MODERATE,HIGH,HIGH,HIGH,HIGH,EXTREME,EXTREME,HIGH,EXTREME,HIGH,HIGH,EXTREME,EXTREME,EXTREME,EXTREME,HIGH,EXTREME,EXTREME,HIGH,HIGH,8.7
2015-06-19 13:00:00,37.4,42,3.2,921.0,26.924893568653424,41.7157,30.9305654980574,HIGH,HIGH,MODERATE,EXTREME,MODERATE,HIGH,HIGH,HIGH,HIGH,EXTREME,EXTREME,HIGH,EXTREME,HIGH,HIGH,EXTREME,EXTREME,EXTREME,EXTREME,HIGH,EXTREME,EXTREME,HIGH,HIGH,8.9
2015-06-19 14:00:00,37.9,42,4.29,891.0,27.33643187206003,38.8127,30.688042310442015,HIGH,HIGH,MODERATE,EXTREME,MODERATE,HIGH,HIGH,HIGH,HIGH,EXTREME,EXTREME,HIGH,EXTREME,HIGH,HIGH,EXTREME,EXTREME,EXTREME,EXTREME,HIGH,EXTREME,EXTREME,HIGH,HIGH,8.7
2015-06-19 15:00:00,37.3,43,6.02,764.0,27.06758751164484,31.8828,29.053871258151386,HIGH,MODERATE,MODERATE,EXTREME,MODERATE,MODERATE,MODERATE,MODERATE,HIGH,HIGH,HIGH,HIGH,EXTREME,HIGH,HIGH,HIGH,EXTREME,HIGH,EXTREME,HIGH,EXTREME,EXTREME,HIGH,HIGH,7.1
2015-06-19 16:00:00,36.3,46,6.31,524.0,26.884703859613985,27.2628,27.901852701729783,MODERATE,MODERATE,SAFE,HIGH,SAFE,MODERATE,MODERATE,MODERATE,MODERATE,HIGH,HIGH,MODERATE,HIGH,MODERATE,MODERATE,HIGH,HIGH,HIGH,HIGH,MODERATE,HIGH,EXTREME,MODERATE,MODERATE,5.9
2015-06-19 17:00:00,35.7,49,6.23,409.0,26.99583499806438,25.541300000000003,27.575344498645062,MODERATE,MODERATE,SAFE,HIGH,SAFE,MODERATE,MODERATE,MODERATE,MODERATE,HIGH,HIGH,MODERATE,HIGH,MODERATE,MODERATE,HIGH,HIGH,HIGH,HIGH,MODERATE,HIGH,EXTREME,MODERATE,MODERATE,5.6
2015-06-19 18:00:00,34.5,54,6.09,236.0,26.93312500782338,22.709200000000003,26.845027505476367,MODERATE,SAFE,SAFE,HIGH,SAFE,MODERATE,SAFE,SAFE,MODERATE,MODERATE,MODERATE,MODERATE,HIGH,MODERATE,MODERATE,MODERATE,HIGH,MODERATE,HIGH,MODERATE,HIGH,HIGH,MODERATE,MODERATE,4.8
2015-06-19 19:00:00,33.2,62,5.72,66.0,27.220021984157825,20.456200000000003,26.46525538891048,MODERATE,SAFE,SAFE,HIGH,SAFE,MODERATE,SAFE,SAFE,MODERATE,MODERATE,MODERATE,MODERATE,HIGH,MODERATE,MODERATE,MODERATE,HIGH,MODERATE,HIGH,MODERATE,HIGH,HIGH,MODERATE,MODERATE,4.5
2015-06-19 20:00:00,32.4,67,5.13,4.0,27.336995237519577,20.5828,26.492456666263703,MODERATE,SAFE,SAFE,HIGH,SAFE,MODERATE,SAFE,SAFE,MODERATE,MODERATE,MODERATE,MODERATE,HIGH,MODERATE,MODERATE,MODERATE,HIGH,MODERATE,HIGH,MODERATE,HIGH,HIGH,MODERATE,MODERATE,4.5
2015-06-19 21:00:00,31.9,71,4.69,0.0,27.527304460906347,21.268,26.712713122634444,MODERATE,SAFE,SAFE,HIGH,SAFE,MODERATE,SAFE,SAFE,MODERATE,MODERATE,MODERATE,MODERATE,HIGH,MODERATE,MODERATE,MODERATE,HIGH,MODERATE,HIGH,MODERATE,HIGH,HIGH,MODERATE,MODERATE,4.7
2015-06-19 22:00:00,31.5,74,4.3,0.0,27.63092146613379,21.96,26.88364502629365,MODERATE,SAFE,SAFE,HIGH,SAFE,MODERATE,SAFE,SAFE,MODERATE,MODERATE,MODERATE,MODERATE,HIGH,MODERATE,MODERATE,MODERATE,HIGH,MODERATE,HIGH,MODERATE,HIGH,HIGH,MODERATE,MODERATE,4.9
2015-06-19 23:00:00,31.2,77,4.08,0.0,27.81723877309741,22.276,27.047267141168188,MODERATE,MODERATE,SAFE,HIGH,SAFE,MODERATE,MODERATE,MODERATE,MODERATE,HIGH,HIGH,MODERATE,HIGH,MODERATE,MODERATE,HIGH,HIGH,HIGH,HIGH,MODERATE,HIGH,EXTREME,MODERATE,MODERATE,5.0
2015-06-20 00:00:00,31.0,79,3.83,0.0,27.935933529365013,22.776,27.210353470555507,MODERATE,MODERATE,SAFE,HIGH,SAFE,MODERATE,MODERATE,MODERATE,MODERATE,HIGH,HIGH,MODERATE,HIGH,MODERATE,MODERATE,HIGH,HIGH,HIGH,HIGH,MODERATE,HIGH,EXTREME,MODERATE,MODERATE,5.2
2015-06-20 01:00:00,30.8,80,3.45,0.0,27.897718302587325,23.64,27.336402811811126,MODERATE,MODERATE,SAFE,HIGH,SAFE,MODERATE,MODERATE,MODERATE,MODERATE,HIGH,HIGH,MODERATE,HIGH,MODERATE,MODERATE,HIGH,HIGH,HIGH,HIGH,MODERATE,HIGH,EXTREME,MODERATE,MODERATE,5.3
2015-06-20 02:00:00,30.6,81,2.92,0.0,27.857975350485564,24.924,27.545382745339893,MODERATE,MODERATE,SAFE,HIGH,SAFE,MODERATE,MODERATE,MODERATE,MODERATE,HIGH,HIGH,MODERATE,HIGH,MODERATE,MODERATE,HIGH,HIGH,HIGH,HIGH,MODERATE,HIGH,EXTREME,MODERATE,MODERATE,5.5
2015-06-20 03:00:00,30.4,82,3.09,0.0,27.81674388001377,24.248,27.36132071600964,MODERATE,MODERATE,SAFE,HIGH,SAFE,MODERATE,MODERATE,MODERATE,MODERATE,HIGH,HIGH,MODERATE,HIGH,MODERATE,MODERATE,HIGH,HIGH,HIGH,HIGH,MODERATE,HIGH,EXTREME,MODERATE,MODERATE,5.4
2015-06-20 04:00:00,30.2,83,2.73,0.0,27.77406187559929,25.056,27.473043312919504,MODERATE,MODERATE,SAFE,HIGH,SAFE,MODERATE,MODERATE,MODERATE,MODERATE,HIGH,HIGH,MODERATE,HIGH,MODERATE,MODERATE,HIGH,HIGH,HIGH,HIGH,MODERATE,HIGH,EXTREME,MODERATE,MODERATE,5.5
2015-06-20 05:00:00,30.1,84,2.69,0.0,27.82700558091001,25.068,27.50250390663701,MODERATE,MODERATE,SAFE,HIGH,SAFE,MODERATE,MODERATE,MODERATE,MODERATE,HIGH,HIGH,MODERATE,HIGH,MODERATE,MODERATE,HIGH,HIGH,HIGH,HIGH,MODERATE,HIGH,EXTREME,MODERATE,MODERATE,5.5
2015-06-20 06:00:00,30.0,84,2.56,2.0,27.72996614849679,25.3554,27.48205630394775,MODERATE,MODERATE,SAFE,HIGH,SAFE,MODERATE,MODERATE,MODERATE,MODERATE,HIGH,HIGH,MODERATE,HIGH,MODERATE,MODERATE,HIGH,HIGH,HIGH,HIGH,MODERATE,HIGH,EXTREME,MODERATE,MODERATE,5.5
2015-06-20 07:00:00,30.7,80,2.72,72.0,27.801715030461136,26.4264,27.816480521322795,MODERATE,MODERATE,SAFE,HIGH,SAFE,MODERATE,MODERATE,MODERATE,MODERATE,HIGH,HIGH,MODERATE,HIGH,MODERATE,MODERATE,HIGH,HIGH,HIGH,HIGH,MODERATE,HIGH,EXTREME,MODERATE,MODERATE,5.8
2015-06-20 08:00:00,32.2,69,3.16,235.0,27.481679415019816,28.6015,28.177475590513872,HIGH,MODERATE,MODERATE,HIGH,MODERATE,MODERATE,MODERATE,MODERATE,MODERATE,HIGH,HIGH,MODERATE,EXTREME,HIGH,MODERATE,HIGH,HIGH,HIGH,HIGH,MODERATE,EXTREME,EXTREME,HIGH,MODERATE,6.2
2015-06-20 09:00:00,34.1,58,3.42,436.0,27.319320781727985,32.1252,28.958564547209587,HIGH,MODERATE,MODERATE,HIGH,MODERATE,MODERATE,MODERATE,MODERATE,MODERATE,HIGH,HIGH,MODERATE,EXTREME,HIGH,MODERATE,HIGH,HIGH,HIGH,HIGH,MODERATE,EXTREME,EXTREME,HIGH,MODERATE,7.0
2015-06-20 10:00:00,35.9,49,3.64,627.0,27.16692103186415,35.5439,29.715624722304906,HIGH,MODERATE,MODERATE,EXTREME,MODERATE,MODERATE,MODERATE,MODERATE,HIGH,HIGH,HIGH,HIGH,EXTREME,HIGH,HIGH,HIGH,EXTREME,HIGH,EXTREME,HIGH,EXTREME,EXTREME,HIGH,HIGH,7.7
2015-06-20 11:00:00,37.4,43,3.86,776.0,27.15038533493053,38.1712,30.379509734451368,HIGH,HIGH,MODERATE,EXTREME,MODERATE,HIGH,HIGH,HIGH,HIGH,EXTREME,EXTREME,HIGH,EXTREME,HIGH,HIGH,EXTREME,EXTREME,EXTREME,EXTREME,HIGH,EXTREME,EXTREME,HIGH,HIGH,8.4
2015-06-20 12:00:00,38.4,39,3.96,864.0,27.038662082371843,39.9208,30.751223457660288,HIGH,HIGH,MODERATE,EXTREME,MODERATE,HIGH,HIGH,HIGH,HIGH,EXTREME,EXTREME,HIGH,EXTREME,HIGH,HIGH,EXTREME,EXTREME,EXTREME,EXTREME,HIGH,EXTREME,EXTREME,HIGH,HIGH,8.8
2015-06-20 13:00:00,39.1,37,4.2,863.0,27.10716841250847,39.93710000000001,30.87243788875593,HIGH,HIGH,MODERATE,EXTREME,MODERATE,HIGH,HIGH,HIGH,HIGH,EXTREME,EXTREME,HIGH,EXTREME,HIGH,HIGH,EXTREME,EXTREME,EXTREME,EXTREME,HIGH,EXTREME,EXTREME,HIGH,HIGH,8.9
2015-06-20 14:00:00,39.4,36,4.57,827.0,27.090590774090863,38.7799,30.659393541863604,HIGH,HIGH,MODERATE,EXTREME,MODERATE,HIGH,HIGH,HIGH,HIGH,EXTREME,EXTREME,HIGH,EXTREME,HIGH,HIGH,EXTREME,EXTREME,EXTREME,EXTREME,HIGH,EXTREME,EXTREME,HIGH,HIGH,8.7
2015-06-20 15:00:00,39.3,37,4.65,780.0,27.26656010385616,37.90599999999999,30.597792072699303,HIGH,HIGH,MODERATE,EXTREME,MODERATE,HIGH,HIGH,HIGH,HIGH,EXTREME,EXTREME,HIGH,EXTREME,HIGH,HIGH,EXTREME,EXTREME,EXTREME,EXTREME,HIGH,EXTREME,EXTREME,HIGH,HIGH,8.6
2015-06-20 16:00:00,38.3,41,5.35,574.0,27.43283524499096,32.5358,29.54014467149367,HIGH,MODERATE,MODERATE,EXTREME,MODERATE,MODERATE,MODERATE,MODERATE,HIGH,HIGH,HIGH,HIGH,EXTREME,HIGH,HIGH,HIGH,EXTREME,HIGH,EXTREME,HIGH,EXTREME,EXTREME,HIGH,HIGH,7.5
2015-06-20 17:00:00,37.0,46,3.75,462.0,27.474176951505918,34.4054,29.81300386605414,HIGH,MODERATE,MODERATE,EXTREME,MODERATE,MODERATE,MODERATE,MODERATE,HIGH,HIGH,HIGH,HIGH,EXTREME,HIGH,HIGH,HIGH,EXTREME,HIGH,EXTREME,HIGH,EXTREME,EXTREME,HIGH,HIGH,7.8
2015-06-20 18:00:00,35.7,51,3.69,212.0,27.39669302115012,30.348400000000005,28.81736511480508,HIGH,MODERATE,MODERATE,HIGH,MODERATE,MODERATE,MODERATE,MODERATE,MODERATE,HIGH,HIGH,MODERATE,EXTREME,HIGH,MODERATE,HIGH,HIGH,HIGH,HIGH,MODERATE,EXTREME,EXTREME,HIGH,MODERATE,6.8
2015-06-20 19:00:00,34.6,58,4.61,71.0,27.76497234962699,25.0227,27.90002064473889,MODERATE,MODERATE,SAFE,HIGH,SAFE,MODERATE,MODERATE,MODERATE,MODERATE,HIGH,HIGH,MODERATE,HIGH,MODERATE,MODERATE,HIGH,HIGH,HIGH,HIGH,MODERATE,HIGH,EXTREME,MODERATE,MODERATE,5.9
2015-06-20 20:00:00,33.3,68,4.39,4.0,28.335396311311676,23.5548,27.875737417918167,MODERATE,MODERATE,SAFE,HIGH,SAFE,MODERATE,MODERATE,MODERATE,MODERATE,HIGH,HIGH,MODERATE,HIGH,MODERATE,MODERATE,HIGH,HIGH,HIGH,HIGH,MODERATE,HIGH,EXTREME,MODERATE,MODERATE,5.9
2015-06-20 21:00:00,32.6,72,3.95,0.0,28.34460058408729,24.04,27.909220408861103,MODERATE,MODERATE,SAFE,HIGH,SAFE,MODERATE,MODERATE,MODERATE,MODERATE,HIGH,HIGH,MODERATE,HIGH,MODERATE,MODERATE,HIGH,HIGH,HIGH,HIGH,MODERATE,HIGH,EXTREME,MODERATE,MODERATE,5.9
2015-06-20 22:00:00,32.2,75,3.45,0.0,28.45119932225398,25.040000000000003,28.143839525577786,HIGH,MODERATE,MODERATE,HIGH,MODERATE,MODERATE,MODERATE,MODERATE,MODERATE,HIGH,HIGH,MODERATE,EXTREME,HIGH,MODERATE,HIGH,HIGH,HIGH,HIGH,MODERATE,EXTREME,EXTREME,HIGH,MODERATE,6.1
2015-06-20 23:00:00,31.9,76,3.22,0.0,28.325733192005263,25.384,28.094813234403684,HIGH,MODERATE,MODERATE,HIGH,MODERATE,MODERATE,MODERATE,MODERATE,MODERATE,HIGH,HIGH,MODERATE,EXTREME,HIGH,MODERATE,HIGH,HIGH,HIGH,HIGH,MODERATE,EXTREME,EXTREME,HIGH,MODERATE,6.1
2015-06-21 00:00:00,31.8,75,2.61,0.0,28.07268726388053,26.992,28.22928108471637,HIGH,MODERATE,MODERATE,HIGH,MODERATE,MODERATE,MODERATE,MODERATE,MODERATE,HIGH,HIGH,MODERATE,EXTREME,HIGH,MODERATE,HIGH,HIGH,HIGH,HIGH,MODERATE,EXTREME,EXTREME,HIGH,MODERATE,6.2
2015-06-21 01:00:00,31.7,75,2.22,0.0,27.978059208364535,27.984,28.35144144585518,HIGH,MODERATE,MODERATE,HIGH,MODERATE,MODERATE,MODERATE,MODERATE,MODERATE,HIGH,HIGH,MODERATE,EXTREME,HIGH,MODERATE,HIGH,HIGH,HIGH,HIGH,MODERATE,EXTREME,EXTREME,HIGH,MODERATE,6.4
2015-06-21 02:00:00,31.5,75,1.63,0.0,27.788803047902665,29.436,28.489362133531863,HIGH,MODERATE,MODERATE,HIGH,MODERATE,MODERATE,MODERATE,MODERATE,MODERATE,HIGH,HIGH,MODERATE,EXTREME,HIGH,MODERATE,HIGH,HIGH,HIGH,HIGH,MODERATE,EXTREME,EXTREME,HIGH,MODERATE,6.5
2015-06-21 03:00:00,31.2,76,1.26,0.0,27.66135864244393,30.172,28.51735104971075,HIGH,MODERATE,MODERATE,HIGH,MODERATE,MODERATE,MODERATE,MODERATE,MODERATE,HIGH,HIGH,MODERATE,EXTREME,HIGH,MODERATE,HIGH,HIGH,HIGH,HIGH,MODERATE,EXTREME,EXTREME,HIGH,MODERATE,6.5
2015-06-21 04:00:00,31.0,77,1.7,0.0,27.626859931320727,28.74,28.18680195192451,HIGH,MODERATE,MODERATE,HIGH,MODERATE,MODERATE,MODERATE,MODERATE,MODERATE,HIGH,HIGH,MODERATE,EXTREME,HIGH,MODERATE,HIGH,HIGH,HIGH,HIGH,MODERATE,EXTREME,EXTREME,HIGH,MODERATE,6.2
2015-06-21 05:00:00,30.8,77,1.93,0.0,27.43648102604814,27.896,27.864736718233694,MODERATE,MODERATE,SAFE,HIGH,SAFE,MODERATE,MODERATE,MODERATE,MODERATE,HIGH,HIGH,MODERATE,HIGH,MODERATE,MODERATE,HIGH,HIGH,HIGH,HIGH,MODERATE,HIGH,EXTREME,MODERATE,MODERATE,5.9
2015-06-21 06:00:00,30.9,77,2.18,1.0,27.53167048664349,27.3077,27.82370934065044,MODERATE,MODERATE,SAFE,HIGH,SAFE,MODERATE,MODERATE,MODERATE,MODERATE,HIGH,HIGH,MODERATE,HIGH,MODERATE,MODERATE,HIGH,HIGH,HIGH,HIGH,MODERATE,HIGH,EXTREME,MODERATE,MODERATE,5.8
2015-06-21 07:00:00,31.9,69,2.77,58.0,27.203140861432647,27.3226,27.696718603002854,MODERATE,MODERATE,SAFE,HIGH,SAFE,MODERATE,MODERATE,MODERATE,MODERATE,HIGH,HIGH,MODERATE,HIGH,MODERATE,MODERATE,HIGH,HIGH,HIGH,HIGH,MODERATE,HIGH,EXTREME,MODERATE,MODERATE,5.7
2015-06-21 08:00:00,34.4,53,3.5,228.0,26.656509047345786,29.7676,28.05307633314205,HIGH,MODERATE,MODERATE,HIGH,MODERATE,MODERATE,MODERATE,MODERATE,MODERATE,HIGH,HIGH,MODERATE,EXTREME,HIGH,MODERATE,HIGH,HIGH,HIGH,HIGH,MODERATE,EXTREME,EXTREME,HIGH,MODERATE,6.1
2015-06-21 09:00:00,36.5,42,3.81,427.0,26.18412209325055,33.3279,28.64446546527538,HIGH,MODERATE,MODERATE,HIGH,MODERATE,MODERATE,MODERATE,MODERATE,MODERATE,HIGH,HIGH,MODERATE,EXTREME,HIGH,MODERATE,HIGH,HIGH,HIGH,HIGH,MODERATE,EXTREME,EXTREME,HIGH,MODERATE,6.6
2015-06-21 10:00:00,37.9,39,4.08,616.0,26.63478929183038,36.1832,29.670992504281266,HIGH,MODERATE,MODERATE,EXTREME,MODERATE,MODERATE,MODERATE,MODERATE,HIGH,HIGH,HIGH,HIGH,EXTREME,HIGH,HIGH,HIGH,EXTREME,HIGH,EXTREME,HIGH,EXTREME,EXTREME,HIGH,HIGH,7.7
2015-06-21 11:00:00,39.2,37,4.47,770.0,27.18686428077596,38.193000000000005,30.58940499654317,HIGH,HIGH,MODERATE,EXTREME,MODERATE,HIGH,HIGH,HIGH,HIGH,EXTREME,EXTREME,HIGH,EXTREME,HIGH,HIGH,EXTREME,EXTREME,EXTREME,EXTREME,HIGH,EXTREME,EXTREME,HIGH,HIGH,8.6
2015-06-21 12:00:00,39.7,39,5.1,844.0,28.08872634399496,37.79480000000001,31.19106844079647,HIGH,HIGH,MODERATE,EXTREME,HIGH,HIGH,HIGH,HIGH,HIGH,EXTREME,EXTREME,HIGH,EXTREME,HIGH,HIGH,EXTREME,EXTREME,EXTREME,EXTREME,HIGH,EXTREME,EXTREME,EXTREME,HIGH,9.2
2015-06-21 13:00:00,40.7,36,5.73,890.0,28.119386223691052,37.569,31.267370356583736,HIGH,HIGH,MODERATE,EXTREME,HIGH,HIGH,HIGH,HIGH,HIGH,EXTREME,EXTREME,HIGH,EXTREME,HIGH,HIGH,EXTREME,EXTREME,EXTREME,EXTREME,HIGH,EXTREME,EXTREME,EXTREME,HIGH,9.3
2015-06-21 14:00:00,40.5,37,6.33,841.0,28.22290651986638,35.115700000000004,30.829174563906463,HIGH,HIGH,MODERATE,EXTREME,MODERATE,HIGH,HIGH,HIGH,HIGH,EXTREME,EXTREME,HIGH,EXTREME,HIGH,HIGH,EXTREME,EXTREME,EXTREME,EXTREME,HIGH,EXTREME,EXTREME,HIGH,HIGH,8.8
2015-06-21 15:00:00,40.1,38,5.1,549.0,28.159822626429783,34.743300000000005,30.67053583850085,HIGH,HIGH,MODERATE,EXTREME,MODERATE,HIGH,HIGH,HIGH,HIGH,EXTREME,EXTREME,HIGH,EXTREME,HIGH,HIGH,EXTREME,EXTREME,EXTREME,EXTREME,HIGH,EXTREME,EXTREME,HIGH,HIGH,8.7
2015-06-21 16:00:00,40.9,36,5.1,450.0,28.277661772366155,34.385000000000005,30.76136324065631,HIGH,HIGH,MODERATE,EXTREME,MODERATE,HIGH,HIGH,HIGH,HIGH,EXTREME,EXTREME,HIGH,EXTREME,HIGH,HIGH,EXTREME,EXTREME,EXTREME,EXTREME,HIGH,EXTREME,EXTREME,HIGH,HIGH,8.8
2015-06-21 17:00:00,41.0,35,4.81,413.0,28.08805135693865,34.8641,30.73445594985705,HIGH,HIGH,MODERATE,EXTREME,MODERATE,HIGH,HIGH,HIGH,HIGH,EXTREME,EXTREME,HIGH,EXTREME,HIGH,HIGH,EXTREME,EXTREME,EXTREME,EXTREME,HIGH,EXTREME,EXTREME,HIGH,HIGH,8.7
2015-06-21 18:00:00,40.1,36,3.89,241.0,27.644558508643566,34.5277,30.26673095605049,HIGH,HIGH,MODERATE,EXTREME,MODERATE,HIGH,HIGH,HIGH,HIGH,EXTREME,EXTREME,HIGH,EXTREME,HIGH,HIGH,EXTREME,EXTREME,EXTREME,EXTREME,HIGH,EXTREME,EXTREME,HIGH,HIGH,8.3
2015-06-21 19:00:00,38.7,38,3.28,74.0,27.03645132003736,32.881800000000005,29.371875924026156,HIGH,MODERATE,MODERATE,EXTREME,MODERATE,MODERATE,MODERATE,MODERATE,HIGH,HIGH,HIGH,HIGH,EXTREME,HIGH,HIGH,HIGH,EXTREME,HIGH,EXTREME,HIGH,EXTREME,EXTREME,HIGH,HIGH,7.4
2015-06-21 20:00:00,38.3,40,1.92,3.0,27.1969558402902,35.4591,29.95968908820313,HIGH,MODERATE,MODERATE,EXTREME,MODERATE,MODERATE,MODERATE,MODERATE,HIGH,HIGH,HIGH,HIGH,EXTREME,HIGH,HIGH,HIGH,EXTREME,HIGH,EXTREME,HIGH,EXTREME,EXTREME,HIGH,HIGH,8.0
2015-06-21 21:00:00,35.9,48,2.44,0.0,26.96268088623878,31.568,28.777476620367143,HIGH,MODERATE,MODERATE,HIGH,MODERATE,MODERATE,MODERATE,MODERATE,MODERATE,HIGH,HIGH,MODERATE,EXTREME,HIGH,MODERATE,HIGH,HIGH,HIGH,HIGH,MODERATE,EXTREME,EXTREME,HIGH,MODERATE,6.8
2015-06-21 22:00:00,34.8,53,2.5,0.0,27.00534126960418,30.3,28.443738888722923,HIGH,MODERATE,MODERATE,HIGH,MODERATE,MODERATE,MODERATE,MODERATE,MODERATE,HIGH,HIGH,MODERATE,EXTREME,HIGH,MODERATE,HIGH,HIGH,HIGH,HIGH,MODERATE,EXTREME,EXTREME,HIGH,MODERATE,6.4
2015-06-21 23:00:00,34.5,55,2.14,0.0,27.12098384438886,31.008,28.6362886910722,HIGH,MODERATE,MODERATE,HIGH,MODERATE,MODERATE,MODERATE,MODERATE,MODERATE,HIGH,HIGH,MODERATE,EXTREME,HIGH,MODERATE,HIGH,HIGH,HIGH,HIGH,MODERATE,EXTREME,EXTREME,HIGH,MODERATE,6.6
2015-06-22 00:00:00,34.9,58,1.49,0.0,28.03236298751926,33.227999999999994,29.75825409126348,HIGH,MODERATE,MODERATE,EXTREME,MODERATE,MODERATE,MODERATE,MODERATE,HIGH,HIGH,HIGH,HIGH,EXTREME,HIGH,HIGH,HIGH,EXTREME,HIGH,EXTREME,HIGH,EXTREME,EXTREME,HIGH,HIGH,7.8
2015-06-22 01:00:00,34.3,63,0.92,0.0,28.392842269156255,34.224,30.14978958840938,HIGH,HIGH,MODERATE,EXTREME,MODERATE,HIGH,HIGH,HIGH,HIGH,EXTREME,EXTREME,HIGH,EXTREME,HIGH,HIGH,EXTREME,EXTREME,EXTREME,EXTREME,HIGH,EXTREME,EXTREME,HIGH,HIGH,8.1
2015-06-22 02:00:00,33.7,70,0.81,0.0,29.04236013297297,33.932,30.48605209308108,HIGH,HIGH,MODERATE,EXTREME,MODERATE,HIGH,HIGH,HIGH,HIGH,EXTREME,EXTREME,HIGH,EXTREME,HIGH,HIGH,EXTREME,EXTREME,EXTREME,EXTREME,HIGH,EXTREME,EXTREME,HIGH,HIGH,8.5
2015-06-22 03:00:00,33.4,70,1.2,0.0,28.762899102733492,32.54,29.982029371913445,HIGH,MODERATE,MODERATE,EXTREME,MODERATE,MODERATE,MODERATE,MODERATE,HIGH,HIGH,HIGH,HIGH,EXTREME,HIGH,HIGH,HIGH,EXTREME,HIGH,EXTREME,HIGH,EXTREME,EXTREME,HIGH,HIGH,8.0
2015-06-22 04:00:00,33.0,71,1.93,0.0,28.555333532514563,30.096,29.307933472760197,HIGH,MODERATE,MODERATE,EXTREME,MODERATE,MODERATE,MODERATE,MODERATE,HIGH,HIGH,HIGH,HIGH,EXTREME,HIGH,HIGH,HIGH,EXTREME,HIGH,EXTREME,HIGH,EXTREME,EXTREME,HIGH,HIGH,7.3
2015-06-22 05:00:00,32.7,74,2.11,0.0,28.763019249125424,29.292,29.262513474387795,HIGH,MODERATE,MODERATE,EXTREME,MODERATE,MODERATE,MODERATE,MODERATE,HIGH,HIGH,HIGH,HIGH,EXTREME,HIGH,HIGH,HIGH,EXTREME,HIGH,EXTREME,HIGH,EXTREME,EXTREME,HIGH,HIGH,7.3
2015-06-22 06:00:00,32.3,77,2.12,1.0,28.86432128345428,28.875699999999995,29.210164898417997,HIGH,MODERATE,MODERATE,EXTREME,MODERATE,MODERATE,MODERATE,MODERATE,HIGH,HIGH,HIGH,HIGH,EXTREME,HIGH,HIGH,HIGH,EXTREME,HIGH,EXTREME,HIGH,EXTREME,EXTREME,HIGH,HIGH,7.2
2015-06-22 07:00:00,33.0,74,2.09,72.0,29.04604332133504,30.4904,29.730310324934525,HIGH,MODERATE,MODERATE,EXTREME,MODERATE,MODERATE,MODERATE,MODERATE,HIGH,HIGH,HIGH,HIGH,EXTREME,HIGH,HIGH,HIGH,EXTREME,HIGH,EXTREME,HIGH,EXTREME,EXTREME,HIGH,HIGH,7.7
2015-06-22 08:00:00,34.7,58,2.6,240.0,27.854102587331685,32.728,29.513471811132177,HIGH,MODERATE,MODERATE,EXTREME,MODERATE,MODERATE,MODERATE,MODERATE,HIGH,HIGH,HIGH,HIGH,EXTREME,HIGH,HIGH,HIGH,EXTREME,HIGH,EXTREME,HIGH,EXTREME,EXTREME,HIGH,HIGH,7.5
2015-06-22 09:00:00,35.7,52,2.42,431.0,27.594334177163905,36.4667,30.179373924014733,HIGH,HIGH,MODERATE,EXTREME,MODERATE,HIGH,HIGH,HIGH,HIGH,EXTREME,EXTREME,HIGH,EXTREME,HIGH,HIGH,EXTREME,EXTREME,EXTREME,EXTREME,HIGH,EXTREME,EXTREME,HIGH,HIGH,8.2
2015-06-22 10:00:00,36.5,50,1.77,584.0,27.884982423124864,40.8768,31.344847696187408,HIGH,HIGH,MODERATE,EXTREME,HIGH,HIGH,HIGH,HIGH,HIGH,EXTREME,EXTREME,HIGH,EXTREME,HIGH,HIGH,EXTREME,EXTREME,EXTREME,EXTREME,HIGH,EXTREME,EXTREME,EXTREME,HIGH,9.3
2015-06-22 11:00:00,37.4,48,1.36,770.0,28.239286657624863,45.101,32.52770066033741,EXTREME,HIGH,HIGH,EXTREME,HIGH,HIGH,HIGH,HIGH,EXTREME,EXTREME,EXTREME,EXTREME,EXTREME,EXTREME,EXTREME,EXTREME,EXTREME,EXTREME,EXTREME,EXTREME,EXTREME,EXTREME,EXTREME,EXTREME,10.5
2015-06-22 12:00:00,37.8,44,0.95,837.0,27.706274646852645,47.4329,32.66097225279685,EXTREME,HIGH,HIGH,EXTREME,HIGH,HIGH,HIGH,HIGH,EXTREME,EXTREME,EXTREME,EXTREME,EXTREME,EXTREME,EXTREME,EXTREME,EXTREME,EXTREME,EXTREME,EXTREME,EXTREME,EXTREME,EXTREME,EXTREME,10.7
2015-06-22 13:00:00,38.8,42,0.81,907.0,28.0771983609026,49.6439,33.46281885263182,EXTREME,EXTREME,HIGH,EXTREME,HIGH,HIGH,EXTREME,EXTREME,EXTREME,EXTREME,EXTREME,EXTREME,EXTREME,EXTREME,EXTREME,EXTREME,EXTREME,EXTREME,EXTREME,EXTREME,EXTREME,EXTREME,EXTREME,EXTREME,11.5
2015-06-22 14:00:00,39.7,39,0.8,866.0,28.08872634399496,50.0922,33.65054844079647,EXTREME,EXTREME,HIGH,EXTREME,HIGH,HIGH,EXTREME,EXTREME,EXTREME,EXTREME,EXTREME,EXTREME,EXTREME,EXTREME,EXTREME,EXTREME,EXTREME,EXTREME,EXTREME,EXTREME,EXTREME,EXTREME,EXTREME,EXTREME,11.7
2015-06-22 15:00:00,40.2,38,2.72,759.0,28.240063113923032,43.9643,32.58090417974612,EXTREME,HIGH,HIGH,EXTREME,HIGH,HIGH,HIGH,HIGH,EXTREME,EXTREME,EXTREME,EXTREME,EXTREME,EXTREME,EXTREME,EXTREME,EXTREME,EXTREME,EXTREME,EXTREME,EXTREME,EXTREME,EXTREME,EXTREME,10.6
2015-06-22 16:00:00,40.3,38,4.24,617.0,28.320303559607407,38.1469,31.483592491725183,HIGH,HIGH,MODERATE,EXTREME,HIGH,HIGH,HIGH,HIGH,HIGH,EXTREME,EXTREME,HIGH,EXTREME,HIGH,HIGH,EXTREME,EXTREME,EXTREME,EXTREME,HIGH,EXTREME,EXTREME,EXTREME,HIGH,9.5
2015-06-22 17:00:00,38.7,45,5.07,411.0,28.68206835467212,31.812700000000007,30.309987848270488,HIGH,HIGH,MODERATE,EXTREME,MODERATE,HIGH,HIGH,HIGH,HIGH,EXTREME,EXTREME,HIGH,EXTREME,HIGH,HIGH,EXTREME,EXTREME,EXTREME,EXTREME,HIGH,EXTREME,EXTREME,HIGH,HIGH,8.3
2015-06-22 18:00:00,36.8,52,3.72,221.0,28.549163054283092,31.4697,29.958354137998164,HIGH,MODERATE,MODERATE,EXTREME,MODERATE,MODERATE,MODERATE,MODERATE,HIGH,HIGH,HIGH,HIGH,EXTREME,HIGH,HIGH,HIGH,EXTREME,HIGH,EXTREME,HIGH,EXTREME,EXTREME,HIGH,HIGH,8.0
2015-06-22 19:00:00,35.5,58,4.2,79.0,28.56714359209904,27.164300000000004,28.97986051446933,HIGH,MODERATE,MODERATE,HIGH,MODERATE,MODERATE,MODERATE,MODERATE,MODERATE,HIGH,HIGH,MODERATE,EXTREME,HIGH,MODERATE,HIGH,HIGH,HIGH,HIGH,MODERATE,EXTREME,EXTREME,HIGH,MODERATE,7.0
2015-06-22 20:00:00,34.8,61,3.71,3.0,28.489354349057542,26.9471,28.811968044340283,HIGH,MODERATE,MODERATE,HIGH,MODERATE,MODERATE,MODERATE,MODERATE,MODERATE,HIGH,HIGH,MODERATE,EXTREME,HIGH,MODERATE,HIGH,HIGH,HIGH,HIGH,MODERATE,EXTREME,EXTREME,HIGH,MODERATE,6.8
2015-06-22 21:00:00,34.5,63,3.54,0.0,28.574639812686524,27.088,28.86984786888057,HIGH,MODERATE,MODERATE,HIGH,MODERATE,MODERATE,MODERATE,MODERATE,MODERATE,HIGH,HIGH,MODERATE,EXTREME,HIGH,MODERATE,HIGH,HIGH,HIGH,HIGH,MODERATE,EXTREME,EXTREME,HIGH,MODERATE,6.9
2015-06-22 22:00:00,34.3,64,3.22,0.0,28.568449375109868,27.784,28.984714562576904,HIGH,MODERATE,MODERATE,HIGH,MODERATE,MODERATE,MODERATE,MODERATE,MODERATE,HIGH,HIGH,MODERATE,EXTREME,HIGH,MODERATE,HIGH,HIGH,HIGH,HIGH,MODERATE,EXTREME,EXTREME,HIGH,MODERATE,7.0
2015-06-22 23:00:00,33.9,68,5.06,0.0,28.890597555741238,22.232,28.059818289018864,HIGH,MODERATE,MODERATE,HIGH,MODERATE,MODERATE,MODERATE,MODERATE,MODERATE,HIGH,HIGH,MODERATE,EXTREME,HIGH,MODERATE,HIGH,HIGH,HIGH,HIGH,MODERATE,EXTREME,EXTREME,HIGH,MODERATE,6.1
2015-06-23 00:00:00,32.9,70,5.65,0.0,28.2971303565378,19.58,27.013991249576456,MODERATE,MODERATE,SAFE,HIGH,SAFE,MODERATE,MODERATE,MODERATE,MODERATE,HIGH,HIGH,MODERATE,HIGH,MODERATE,MODERATE,HIGH,HIGH,HIGH,HIGH,MODERATE,HIGH,EXTREME,MODERATE,MODERATE,5.0
2015-06-23 01:00:00,32.9,66,4.65,0.0,27.630020715905427,22.38,27.1070145011338,MODERATE,MODERATE,SAFE,HIGH,SAFE,MODERATE,MODERATE,MODERATE,MODERATE,HIGH,HIGH,MODERATE,HIGH,MODERATE,MODERATE,HIGH,HIGH,HIGH,HIGH,MODERATE,HIGH,EXTREME,MODERATE,MODERATE,5.1
2015-06-23 02:00:00,32.9,63,3.69,0.0,27.120257002833327,25.068,27.287779901983328,MODERATE,MODERATE,SAFE,HIGH,SAFE,MODERATE,MODERATE,MODERATE,MODERATE,HIGH,HIGH,MODERATE,HIGH,MODERATE,MODERATE,HIGH,HIGH,HIGH,HIGH,MODERATE,HIGH,EXTREME,MODERATE,MODERATE,5.3
2015-06-23 03:00:00,32.9,61,2.64,0.0,26.775390964956877,28.008,27.63437367546981,MODERATE,MODERATE,SAFE,HIGH,SAFE,MODERATE,MODERATE,MODERATE,MODERATE,HIGH,HIGH,MODERATE,HIGH,MODERATE,MODERATE,HIGH,HIGH,HIGH,HIGH,MODERATE,HIGH,EXTREME,MODERATE,MODERATE,5.6
2015-06-23 04:00:00,32.8,61,2.3,0.0,26.685182128820728,28.86,27.73162749017451,MODERATE,MODERATE,SAFE,HIGH,SAFE,MODERATE,MODERATE,MODERATE,MODERATE,HIGH,HIGH,MODERATE,HIGH,MODERATE,MODERATE,HIGH,HIGH,HIGH,HIGH,MODERATE,HIGH,EXTREME,MODERATE,MODERATE,5.7
2015-06-23 05:00:00,32.5,62,1.72,0.0,26.58612494263485,30.184,27.897087459844396,MODERATE,MODERATE,SAFE,HIGH,SAFE,MODERATE,MODERATE,MODERATE,MODERATE,HIGH,HIGH,MODERATE,HIGH,MODERATE,MODERATE,HIGH,HIGH,HIGH,HIGH,MODERATE,HIGH,EXTREME,MODERATE,MODERATE,5.9
2015-06-23 06:00:00,32.2,64,1.28,1.0,26.652491658657382,31.1277,28.10228416106017,HIGH,MODERATE,MODERATE,HIGH,MODERATE,MODERATE,MODERATE,MODERATE,MODERATE,HIGH,HIGH,MODERATE,EXTREME,HIGH,MODERATE,HIGH,HIGH,HIGH,HIGH,MODERATE,EXTREME,EXTREME,HIGH,MODERATE,6.1
2015-06-23 07:00:00,32.6,63,0.82,70.0,26.847559588456576,33.623000000000005,28.777891711919604,HIGH,MODERATE,MODERATE,HIGH,MODERATE,MODERATE,MODERATE,MODERATE,MODERATE,HIGH,HIGH,MODERATE,EXTREME,HIGH,MODERATE,HIGH,HIGH,HIGH,HIGH,MODERATE,EXTREME,EXTREME,HIGH,MODERATE,6.8
2015-06-23 08:00:00,33.7,56,0.81,229.0,26.600302903973944,36.6113,29.31247203278176,HIGH,MODERATE,MODERATE,EXTREME,MODERATE,MODERATE,MODERATE,MODERATE,HIGH,HIGH,HIGH,HIGH,EXTREME,HIGH,HIGH,HIGH,EXTREME,HIGH,EXTREME,HIGH,EXTREME,EXTREME,HIGH,HIGH,7.3
2015-06-23 09:00:00,35.0,50,1.36,436.0,26.59542244861189,38.7932,29.875435714028324,HIGH,MODERATE,MODERATE,EXTREME,MODERATE,MODERATE,MODERATE,MODERATE,HIGH,HIGH,HIGH,HIGH,EXTREME,HIGH,HIGH,HIGH,EXTREME,HIGH,EXTREME,HIGH,EXTREME,EXTREME,HIGH,HIGH,7.9
2015-06-23 10:00:00,36.2,45,2.19,627.0,26.58835160211812,39.90390000000001,30.212626121482685,HIGH,HIGH,MODERATE,EXTREME,MODERATE,HIGH,HIGH,HIGH,HIGH,EXTREME,EXTREME,HIGH,EXTREME,HIGH,HIGH,EXTREME,EXTREME,EXTREME,EXTREME,HIGH,EXTREME,EXTREME,HIGH,HIGH,8.2
2015-06-23 11:00:00,37.3,41,3.38,781.0,26.61476176311777,39.4737,30.25507323418244,HIGH,HIGH,MODERATE,EXTREME,MODERATE,HIGH,HIGH,HIGH,HIGH,EXTREME,EXTREME,HIGH,EXTREME,HIGH,HIGH,EXTREME,EXTREME,EXTREME,EXTREME,HIGH,EXTREME,EXTREME,HIGH,HIGH,8.3
2015-06-23 12:00:00,37.5,44,4.53,874.0,27.45644092418192,37.5418,30.47786864692734,HIGH,HIGH,MODERATE,EXTREME,MODERATE,HIGH,HIGH,HIGH,HIGH,EXTREME,EXTREME,HIGH,EXTREME,HIGH,HIGH,EXTREME,EXTREME,EXTREME,EXTREME,HIGH,EXTREME,EXTREME,HIGH,HIGH,8.5
2015-06-23 13:00:00,37.9,42,5.69,913.0,27.33643187206003,35.150099999999995,29.955522310442017,HIGH,MODERATE,MODERATE,EXTREME,MODERATE,MODERATE,MODERATE,MODERATE,HIGH,HIGH,HIGH,HIGH,EXTREME,HIGH,HIGH,HIGH,EXTREME,HIGH,EXTREME,HIGH,EXTREME,EXTREME,HIGH,HIGH,8.0
2015-06-23 14:00:00,37.8,41,6.44,859.0,27.02379901484034,32.318299999999994,29.16031931038824,HIGH,MODERATE,MODERATE,EXTREME,MODERATE,MODERATE,MODERATE,MODERATE,HIGH,HIGH,HIGH,HIGH,EXTREME,HIGH,HIGH,HIGH,EXTREME,HIGH,EXTREME,HIGH,EXTREME,EXTREME,HIGH,HIGH,7.2
2015-06-23 15:00:00,37.3,41,7.02,691.0,26.61476176311777,28.2287,28.006073234182438,HIGH,MODERATE,MODERATE,HIGH,MODERATE,MODERATE,MODERATE,MODERATE,MODERATE,HIGH,HIGH,MODERATE,EXTREME,HIGH,MODERATE,HIGH,HIGH,HIGH,HIGH,MODERATE,EXTREME,EXTREME,HIGH,MODERATE,6.0
2015-06-23 16:00:00,36.8,42,6.91,541.0,26.431046284752057,26.2817,27.43807239932644,MODERATE,MODERATE,SAFE,HIGH,SAFE,MODERATE,MODERATE,MODERATE,MODERATE,HIGH,HIGH,MODERATE,HIGH,MODERATE,MODERATE,HIGH,HIGH,HIGH,HIGH,MODERATE,HIGH,EXTREME,MODERATE,MODERATE,5.4
2015-06-23 17:00:00,36.4,43,6.52,443.0,26.322405346921347,25.827100000000005,27.231103742844944,MODERATE,MODERATE,SAFE,HIGH,SAFE,MODERATE,MODERATE,MODERATE,MODERATE,HIGH,HIGH,MODERATE,HIGH,MODERATE,MODERATE,HIGH,HIGH,HIGH,HIGH,MODERATE,HIGH,EXTREME,MODERATE,MODERATE,5.2
2015-06-23 18:00:00,35.3,48,5.78,279.0,26.452036467194937,24.880299999999995,27.02248552703645,MODERATE,MODERATE,SAFE,HIGH,SAFE,MODERATE,MODERATE,MODERATE,MODERATE,HIGH,HIGH,MODERATE,HIGH,MODERATE,MODERATE,HIGH,HIGH,HIGH,HIGH,MODERATE,HIGH,EXTREME,MODERATE,MODERATE,5.0
2015-06-23 19:00:00,33.4,60,5.37,96.0,27.050609302796325,21.987199999999994,26.672866511957427,MODERATE,SAFE,SAFE,HIGH,SAFE,MODERATE,SAFE,SAFE,MODERATE,MODERATE,MODERATE,MODERATE,HIGH,MODERATE,MODERATE,MODERATE,HIGH,MODERATE,HIGH,MODERATE,HIGH,HIGH,MODERATE,MODERATE,4.7
2015-06-23 20:00:00,31.8,73,4.48,4.0,27.75457557544964,21.8028,26.968762902814746,MODERATE,SAFE,SAFE,HIGH,SAFE,MODERATE,SAFE,SAFE,MODERATE,MODERATE,MODERATE,MODERATE,HIGH,MODERATE,MODERATE,MODERATE,HIGH,MODERATE,HIGH,MODERATE,HIGH,HIGH,MODERATE,MODERATE,5.0
2015-06-23 21:00:00,30.8,82,3.55,0.0,28.20285615272333,23.36,27.49399930690633,MODERATE,MODERATE,SAFE,HIGH,SAFE,MODERATE,MODERATE,MODERATE,MODERATE,HIGH,HIGH,MODERATE,HIGH,MODERATE,MODERATE,HIGH,HIGH,HIGH,HIGH,MODERATE,HIGH,EXTREME,MODERATE,MODERATE,5.5
2015-06-23 22:00:00,30.2,86,2.96,0.0,28.222902170769405,24.412,27.65843151953858,MODERATE,MODERATE,SAFE,HIGH,SAFE,MODERATE,MODERATE,MODERATE,MODERATE,HIGH,HIGH,MODERATE,HIGH,MODERATE,MODERATE,HIGH,HIGH,HIGH,HIGH,MODERATE,HIGH,EXTREME,MODERATE,MODERATE,5.7
2015-06-23 23:00:00,29.8,89,2.67,0.0,28.275593124364686,24.824,27.73771518705528,MODERATE,MODERATE,SAFE,HIGH,SAFE,MODERATE,MODERATE,MODERATE,MODERATE,HIGH,HIGH,MODERATE,HIGH,MODERATE,MODERATE,HIGH,HIGH,HIGH,HIGH,MODERATE,HIGH,EXTREME,MODERATE,MODERATE,5.7
2015-06-24 00:00:00,29.4,90,3.26,0.0,28.02861712230425,22.772,27.114431985612978,MODERATE,MODERATE,SAFE,HIGH,SAFE,MODERATE,MODERATE,MODERATE,MODERATE,HIGH,HIGH,MODERATE,HIGH,MODERATE,MODERATE,HIGH,HIGH,HIGH,HIGH,MODERATE,HIGH,EXTREME,MODERATE,MODERATE,5.1
2015-06-24 01:00:00,29.2,91,4.27,0.0,27.976963615171417,19.744,26.452674530619998,MODERATE,SAFE,SAFE,HIGH,SAFE,MODERATE,SAFE,SAFE,MODERATE,MODERATE,MODERATE,MODERATE,HIGH,MODERATE,MODERATE,MODERATE,HIGH,MODERATE,HIGH,MODERATE,HIGH,HIGH,MODERATE,MODERATE,4.5
2015-06-24 02:00:00,29.2,91,4.28,0.0,27.976963615171417,19.716,26.447074530619997,MODERATE,SAFE,SAFE,HIGH,SAFE,MODERATE,SAFE,SAFE,MODERATE,MODERATE,MODERATE,MODERATE,HIGH,MODERATE,MODERATE,MODERATE,HIGH,MODERATE,HIGH,MODERATE,HIGH,HIGH,MODERATE,MODERATE,4.4
2015-06-24 03:00:00,29.1,91,2.75,0.0,27.878232746240645,23.9,27.20476292236845,MODERATE,MODERATE,SAFE,HIGH,SAFE,MODERATE,MODERATE,MODERATE,MODERATE,HIGH,HIGH,MODERATE,HIGH,MODERATE,MODERATE,HIGH,HIGH,HIGH,HIGH,MODERATE,HIGH,EXTREME,MODERATE,MODERATE,5.2
2015-06-24 04:00:00,28.8,91,2.82,0.0,27.582040070071127,23.404000000000003,26.868228049049787,MODERATE,SAFE,SAFE,HIGH,SAFE,MODERATE,SAFE,SAFE,MODERATE,MODERATE,MODERATE,MODERATE,HIGH,MODERATE,MODERATE,MODERATE,HIGH,MODERATE,HIGH,MODERATE,HIGH,HIGH,MODERATE,MODERATE,4.9
2015-06-24 05:00:00,28.6,92,2.57,0.0,27.528293473653864,23.904000000000003,26.910605431557705,MODERATE,SAFE,SAFE,HIGH,SAFE,MODERATE,SAFE,SAFE,MODERATE,MODERATE,MODERATE,MODERATE,HIGH,MODERATE,MODERATE,MODERATE,HIGH,MODERATE,HIGH,MODERATE,HIGH,HIGH,MODERATE,MODERATE,4.9
2015-06-24 06:00:00,28.4,92,2.42,1.0,27.33037159808016,24.1357,26.79840011865611,MODERATE,SAFE,SAFE,HIGH,SAFE,MODERATE,SAFE,SAFE,MODERATE,MODERATE,MODERATE,MODERATE,HIGH,MODERATE,MODERATE,MODERATE,HIGH,MODERATE,HIGH,MODERATE,HIGH,HIGH,MODERATE,MODERATE,4.8
2015-06-24 07:00:00,28.8,90,2.76,61.0,27.43762855994029,24.2857,26.943479991958203,MODERATE,SAFE,SAFE,HIGH,SAFE,MODERATE,SAFE,SAFE,MODERATE,MODERATE,MODERATE,MODERATE,HIGH,MODERATE,MODERATE,MODERATE,HIGH,MODERATE,HIGH,MODERATE,HIGH,HIGH,MODERATE,MODERATE,4.9
2015-06-24 08:00:00,29.3,86,3.24,176.0,27.345061516778447,24.7872,27.028983061744917,MODERATE,MODERATE,SAFE,HIGH,SAFE,MODERATE,MODERATE,MODERATE,MODERATE,HIGH,HIGH,MODERATE,HIGH,MODERATE,MODERATE,HIGH,HIGH,HIGH,HIGH,MODERATE,HIGH,EXTREME,MODERATE,MODERATE,5.0
2015-06-24 09:00:00,30.4,77,3.86,396.0,27.05572302359649,26.7252,27.324046116517543,MODERATE,MODERATE,SAFE,HIGH,SAFE,MODERATE,MODERATE,MODERATE,MODERATE,HIGH,HIGH,MODERATE,HIGH,MODERATE,MODERATE,HIGH,HIGH,HIGH,HIGH,MODERATE,HIGH,EXTREME,MODERATE,MODERATE,5.3
2015-06-24 10:00:00,31.7,69,4.48,637.0,27.01744839514156,29.1089,27.90399387659909,MODERATE,MODERATE,SAFE,HIGH,SAFE,MODERATE,MODERATE,MODERATE,MODERATE,HIGH,HIGH,MODERATE,HIGH,MODERATE,MODERATE,HIGH,HIGH,HIGH,HIGH,MODERATE,HIGH,EXTREME,MODERATE,MODERATE,5.9
2015-06-24 11:00:00,32.5,66,5.0,713.0,27.26244138263231,29.3421,28.20212896784261,HIGH,MODERATE,MODERATE,HIGH,MODERATE,MODERATE,MODERATE,MODERATE,MODERATE,HIGH,HIGH,MODERATE,EXTREME,HIGH,MODERATE,HIGH,HIGH,HIGH,HIGH,MODERATE,EXTREME,EXTREME,HIGH,MODERATE,6.2
2015-06-24 12:00:00,33.1,62,5.46,822.0,27.12946533405439,29.9294,28.28650573383808,HIGH,MODERATE,MODERATE,HIGH,MODERATE,MODERATE,MODERATE,MODERATE,MODERATE,HIGH,HIGH,MODERATE,EXTREME,HIGH,MODERATE,HIGH,HIGH,HIGH,HIGH,MODERATE,EXTREME,EXTREME,HIGH,MODERATE,6.3
2015-06-24 13:00:00,33.4,60,5.87,805.0,27.050609302796325,28.8825,28.05192651195743,HIGH,MODERATE,MODERATE,HIGH,MODERATE,MODERATE,MODERATE,MODERATE,MODERATE,HIGH,HIGH,MODERATE,EXTREME,HIGH,MODERATE,HIGH,HIGH,HIGH,HIGH,MODERATE,EXTREME,EXTREME,HIGH,MODERATE,6.1
2015-06-24 14:00:00,34.0,58,6.3,899.0,27.230190391695853,29.3783,28.33679327418709,HIGH,MODERATE,MODERATE,HIGH,MODERATE,MODERATE,MODERATE,MODERATE,MODERATE,HIGH,HIGH,MODERATE,EXTREME,HIGH,MODERATE,HIGH,HIGH,HIGH,HIGH,MODERATE,EXTREME,EXTREME,HIGH,MODERATE,6.3
2015-06-24 15:00:00,34.0,58,5.28,813.0,27.230190391695853,31.228100000000005,28.7067532741871,HIGH,MODERATE,MODERATE,HIGH,MODERATE,MODERATE,MODERATE,MODERATE,MODERATE,HIGH,HIGH,MODERATE,EXTREME,HIGH,MODERATE,HIGH,HIGH,HIGH,HIGH,MODERATE,EXTREME,EXTREME,HIGH,MODERATE,6.7
2015-06-24 16:00:00,33.5,60,5.12,676.0,27.14046446612965,29.5732,28.26296512629076,HIGH,MODERATE,MODERATE,HIGH,MODERATE,MODERATE,MODERATE,MODERATE,MODERATE,HIGH,HIGH,MODERATE,EXTREME,HIGH,MODERATE,HIGH,HIGH,HIGH,HIGH,MODERATE,EXTREME,EXTREME,HIGH,MODERATE,6.3
2015-06-24 17:00:00,32.8,64,5.48,479.0,27.199909132056327,25.5603,27.431996392439427,MODERATE,MODERATE,SAFE,HIGH,SAFE,MODERATE,MODERATE,MODERATE,MODERATE,HIGH,HIGH,MODERATE,HIGH,MODERATE,MODERATE,HIGH,HIGH,HIGH,HIGH,MODERATE,HIGH,EXTREME,MODERATE,MODERATE,5.4
2015-06-24 18:00:00,31.8,70,6.1,277.0,27.27243749030661,20.4609,26.362886243214632,MODERATE,SAFE,SAFE,HIGH,SAFE,MODERATE,SAFE,SAFE,MODERATE,MODERATE,MODERATE,MODERATE,HIGH,MODERATE,MODERATE,MODERATE,HIGH,MODERATE,HIGH,MODERATE,HIGH,HIGH,MODERATE,MODERATE,4.4
2015-06-24 19:00:00,30.9,76,5.8,93.0,27.376626450053624,18.2481,25.90325851503754,MODERATE,SAFE,SAFE,MODERATE,SAFE,SAFE,SAFE,SAFE,SAFE,MODERATE,MODERATE,SAFE,HIGH,MODERATE,SAFE,MODERATE,MODERATE,MODERATE,MODERATE,SAFE,HIGH,HIGH,MODERATE,SAFE,3.9
2015-06-24 20:00:00,30.3,79,5.46,4.0,27.265783954320813,17.558800000000005,25.62780876802457,MODERATE,SAFE,SAFE,MODERATE,SAFE,SAFE,SAFE,SAFE,SAFE,MODERATE,MODERATE,SAFE,HIGH,MODERATE,SAFE,MODERATE,MODERATE,MODERATE,MODERATE,SAFE,HIGH,HIGH,MODERATE,SAFE,3.6
2015-06-24 21:00:00,30.1,81,5.09,0.0,27.37663814980484,18.348000000000003,25.843246704863382,MODERATE,SAFE,SAFE,MODERATE,SAFE,SAFE,SAFE,SAFE,SAFE,MODERATE,MODERATE,SAFE,HIGH,MODERATE,SAFE,MODERATE,MODERATE,MODERATE,MODERATE,SAFE,HIGH,HIGH,MODERATE,SAFE,3.8
2015-06-24 22:00:00,29.9,82,4.62,0.0,27.334103221996163,19.464,26.01667225539732,MODERATE,SAFE,SAFE,HIGH,SAFE,MODERATE,SAFE,SAFE,MODERATE,MODERATE,MODERATE,MODERATE,HIGH,MODERATE,MODERATE,MODERATE,HIGH,MODERATE,HIGH,MODERATE,HIGH,HIGH,MODERATE,MODERATE,4.0
2015-06-24 23:00:00,29.6,84,4.34,0.0,27.341808283513853,19.948,26.088865798459697,MODERATE,SAFE,SAFE,HIGH,SAFE,MODERATE,SAFE,SAFE,MODERATE,MODERATE,MODERATE,MODERATE,HIGH,MODERATE,MODERATE,MODERATE,HIGH,MODERATE,HIGH,MODERATE,HIGH,HIGH,MODERATE,MODERATE,4.1
2015-06-25 00:00:00,29.7,81,4.52,0.0,26.9915681270158,19.544,25.77289768891105,MODERATE,SAFE,SAFE,MODERATE,SAFE,SAFE,SAFE,SAFE,SAFE,MODERATE,MODERATE,SAFE,HIGH,MODERATE,SAFE,MODERATE,MODERATE,MODERATE,MODERATE,SAFE,HIGH,HIGH,MODERATE,SAFE,3.8
2015-06-25 01:00:00,29.5,82,4.3,0.0,26.947990438919884,19.96,25.80559330724392,MODERATE,SAFE,SAFE,MODERATE,SAFE,SAFE,SAFE,SAFE,SAFE,MODERATE,MODERATE,SAFE,HIGH,MODERATE,SAFE,MODERATE,MODERATE,MODERATE,MODERATE,SAFE,HIGH,HIGH,MODERATE,SAFE,3.8
2015-06-25 02:00:00,29.1,85,3.76,0.0,27.00346042097618,21.072000000000003,26.026822294683324,MODERATE,SAFE,SAFE,HIGH,SAFE,MODERATE,SAFE,SAFE,MODERATE,MODERATE,MODERATE,MODERATE,HIGH,MODERATE,MODERATE,MODERATE,HIGH,MODERATE,HIGH,MODERATE,HIGH,HIGH,MODERATE,MODERATE,4.0
2015-06-25 03:00:00,28.8,87,2.61,0.0,27.00285340417959,23.992,26.58039738292571,MODERATE,SAFE,SAFE,HIGH,SAFE,MODERATE,SAFE,SAFE,MODERATE,MODERATE,MODERATE,MODERATE,HIGH,MODERATE,MODERATE,MODERATE,HIGH,MODERATE,HIGH,MODERATE,HIGH,HIGH,MODERATE,MODERATE,4.6
2015-06-25 04:00:00,28.6,88,2.73,0.0,26.95199993506121,23.456000000000003,26.417599954542847,MODERATE,SAFE,SAFE,HIGH,SAFE,MODERATE,SAFE,SAFE,MODERATE,MODERATE,MODERATE,MODERATE,HIGH,MODERATE,MODERATE,MODERATE,HIGH,MODERATE,HIGH,MODERATE,HIGH,HIGH,MODERATE,MODERATE,4.4
2015-06-25 05:00:00,28.5,89,2.91,0.0,26.99818110051387,22.852,26.31912677035971,MODERATE,SAFE,SAFE,HIGH,SAFE,MODERATE,SAFE,SAFE,MODERATE,MODERATE,MODERATE,MODERATE,HIGH,MODERATE,MODERATE,MODERATE,HIGH,MODERATE,HIGH,MODERATE,HIGH,HIGH,MODERATE,MODERATE,4.3
2015-06-25 06:00:00,28.4,89,3.18,1.0,26.89991855172396,22.0077,26.07148298620677,MODERATE,SAFE,SAFE,HIGH,SAFE,MODERATE,SAFE,SAFE,MODERATE,MODERATE,MODERATE,MODERATE,HIGH,MODERATE,MODERATE,MODERATE,HIGH,MODERATE,HIGH,MODERATE,HIGH,HIGH,MODERATE,MODERATE,4.1
2015-06-25 07:00:00,28.9,86,3.55,63.0,26.954909777264508,22.1971,26.197856844085152,MODERATE,SAFE,SAFE,HIGH,SAFE,MODERATE,SAFE,SAFE,MODERATE,MODERATE,MODERATE,MODERATE,HIGH,MODERATE,MODERATE,MODERATE,HIGH,MODERATE,HIGH,MODERATE,HIGH,HIGH,MODERATE,MODERATE,4.2
2015-06-25 08:00:00,29.8,80,3.5,209.0,26.93768491316376,24.945300000000003,26.825439439214637,MODERATE,SAFE,SAFE,HIGH,SAFE,MODERATE,SAFE,SAFE,MODERATE,MODERATE,MODERATE,MODERATE,HIGH,MODERATE,MODERATE,MODERATE,HIGH,MODERATE,HIGH,MODERATE,HIGH,HIGH,MODERATE,MODERATE,4.8
2015-06-25 09:00:00,31.0,74,3.4,388.0,27.159213337543743,28.5196,27.81536933628062,MODERATE,MODERATE,SAFE,HIGH,SAFE,MODERATE,MODERATE,MODERATE,MODERATE,HIGH,HIGH,MODERATE,HIGH,MODERATE,MODERATE,HIGH,HIGH,HIGH,HIGH,MODERATE,HIGH,EXTREME,MODERATE,MODERATE,5.8
2015-06-25 10:00:00,32.1,67,3.11,552.0,27.060344924971872,32.3504,28.62232144748031,HIGH,MODERATE,MODERATE,HIGH,MODERATE,MODERATE,MODERATE,MODERATE,MODERATE,HIGH,HIGH,MODERATE,EXTREME,HIGH,MODERATE,HIGH,HIGH,HIGH,HIGH,MODERATE,EXTREME,EXTREME,HIGH,MODERATE,6.6
2015-06-25 11:00:00,33.2,61,2.97,723.0,27.04601732876689,35.8431,29.420832130136823,HIGH,MODERATE,MODERATE,EXTREME,MODERATE,MODERATE,MODERATE,MODERATE,HIGH,HIGH,HIGH,HIGH,EXTREME,HIGH,HIGH,HIGH,EXTREME,HIGH,EXTREME,HIGH,EXTREME,EXTREME,HIGH,HIGH,7.4
2015-06-25 12:00:00,34.1,59,3.34,810.0,27.500085647621457,36.725,30.005059953335017,HIGH,HIGH,MODERATE,EXTREME,MODERATE,HIGH,HIGH,HIGH,HIGH,EXTREME,EXTREME,HIGH,EXTREME,HIGH,HIGH,EXTREME,EXTREME,EXTREME,EXTREME,HIGH,EXTREME,EXTREME,HIGH,HIGH,8.0
2015-06-25 13:00:00,34.6,57,4.0,794.0,27.58104619662012,35.189800000000005,29.804692337634084,HIGH,MODERATE,MODERATE,EXTREME,MODERATE,MODERATE,MODERATE,MODERATE,HIGH,HIGH,HIGH,HIGH,EXTREME,HIGH,HIGH,HIGH,EXTREME,HIGH,EXTREME,HIGH,EXTREME,EXTREME,HIGH,HIGH,7.8
2015-06-25 14:00:00,35.0,57,4.86,877.0,27.936081253928524,34.1529,29.885836877749966,HIGH,MODERATE,MODERATE,EXTREME,MODERATE,MODERATE,MODERATE,MODERATE,HIGH,HIGH,HIGH,HIGH,EXTREME,HIGH,HIGH,HIGH,EXTREME,HIGH,EXTREME,HIGH,EXTREME,EXTREME,HIGH,HIGH,7.9
2015-06-25 15:00:00,34.7,59,5.38,797.0,28.037059242454635,31.4609,29.388121469718243,HIGH,MODERATE,MODERATE,EXTREME,MODERATE,MODERATE,MODERATE,MODERATE,HIGH,HIGH,HIGH,HIGH,EXTREME,HIGH,HIGH,HIGH,EXTREME,HIGH,EXTREME,HIGH,EXTREME,EXTREME,HIGH,HIGH,7.4
2015-06-25 16:00:00,34.1,62,5.66,656.0,28.03503080088434,28.4272,28.71996156061904,HIGH,MODERATE,MODERATE,HIGH,MODERATE,MODERATE,MODERATE,MODERATE,MODERATE,HIGH,HIGH,MODERATE,EXTREME,HIGH,MODERATE,HIGH,HIGH,HIGH,HIGH,MODERATE,EXTREME,EXTREME,HIGH,MODERATE,6.7
2015-06-25 17:00:00,33.3,65,5.47,453.0,27.8273263537934,25.7841,27.96594844765538,MODERATE,MODERATE,SAFE,HIGH,SAFE,MODERATE,MODERATE,MODERATE,MODERATE,HIGH,HIGH,MODERATE,HIGH,MODERATE,MODERATE,HIGH,HIGH,HIGH,HIGH,MODERATE,HIGH,EXTREME,MODERATE,MODERATE,6.0
2015-06-25 18:00:00,32.4,69,5.27,253.0,27.66737168751609,23.104099999999995,27.22798018126126,MODERATE,MODERATE,SAFE,HIGH,SAFE,MODERATE,MODERATE,MODERATE,MODERATE,HIGH,HIGH,MODERATE,HIGH,MODERATE,MODERATE,HIGH,HIGH,HIGH,HIGH,MODERATE,HIGH,EXTREME,MODERATE,MODERATE,5.2
2015-06-25 19:00:00,31.4,75,5.15,77.0,27.69417494286388,20.3809,26.60210246000472,MODERATE,SAFE,SAFE,HIGH,SAFE,MODERATE,SAFE,SAFE,MODERATE,MODERATE,MODERATE,MODERATE,HIGH,MODERATE,MODERATE,MODERATE,HIGH,MODERATE,HIGH,MODERATE,HIGH,HIGH,MODERATE,MODERATE,4.6
2015-06-25 20:00:00,30.6,80,5.25,4.0,27.705711743594303,18.446800000000003,26.143358220516014,MODERATE,SAFE,SAFE,HIGH,SAFE,MODERATE,SAFE,SAFE,MODERATE,MODERATE,MODERATE,MODERATE,HIGH,MODERATE,MODERATE,MODERATE,HIGH,MODERATE,HIGH,MODERATE,HIGH,HIGH,MODERATE,MODERATE,4.1
2015-06-25 21:00:00,30.1,84,5.48,0.0,27.82700558091001,17.256,25.94010390663701,MODERATE,SAFE,SAFE,MODERATE,SAFE,SAFE,SAFE,SAFE,SAFE,MODERATE,MODERATE,SAFE,HIGH,MODERATE,SAFE,MODERATE,MODERATE,MODERATE,MODERATE,SAFE,HIGH,HIGH,MODERATE,SAFE,3.9
2015-06-25 22:00:00,29.8,85,5.28,0.0,27.68449238366436,17.516000000000002,25.86234466856505,MODERATE,SAFE,SAFE,MODERATE,SAFE,SAFE,SAFE,SAFE,SAFE,MODERATE,MODERATE,SAFE,HIGH,MODERATE,SAFE,MODERATE,MODERATE,MODERATE,MODERATE,SAFE,HIGH,HIGH,MODERATE,SAFE,3.9
2015-06-25 23:00:00,29.8,85,4.88,0.0,27.68449238366436,18.636000000000003,26.08634466856505,MODERATE,SAFE,SAFE,HIGH,SAFE,MODERATE,SAFE,SAFE,MODERATE,MODERATE,MODERATE,MODERATE,HIGH,MODERATE,MODERATE,MODERATE,HIGH,MODERATE,HIGH,MODERATE,HIGH,HIGH,MODERATE,MODERATE,4.1
