time,temp_c,rh_pct,wind_ms,solar_wm2
2015-06-18 00:00:00,29.4,83,4.02,0.0
2015-06-18 01:00:00,29.2,84,4.1,0.0
2015-06-18 02:00:00,29.0,86,4.21,0.0
2015-06-18 03:00:00,28.9,86,3.8,0.0
2015-06-18 04:00:00,28.8,87,3.93,0.0
2015-06-18 05:00:00,28.7,87,3.96,0.0
2015-06-18 06:00:00,28.7,87,3.53,2.0
2015-06-18 07:00:00,29.1,84,3.55,72.0
2015-06-18 08:00:00,30.2,75,3.28,238.0
2015-06-18 09:00:00,31.8,64,3.18,432.0
2015-06-18 10:00:00,33.5,55,2.62,629.0
2015-06-18 11:00:00,35.1,49,2.21,781.0
2015-06-18 12:00:00,35.8,48,2.77,846.0
2015-06-18 13:00:00,36.4,47,4.0,874.0
2015-06-18 14:00:00,36.6,47,4.74,846.0
2015-06-18 15:00:00,36.2,48,4.81,721.0
2015-06-18 16:00:00,35.7,51,4.84,600.0
2015-06-18 17:00:00,35.2,53,4.08,435.0
2015-06-18 18:00:00,34.3,57,4.74,227.0
2015-06-18 19:00:00,33.0,64,4.85,65.0
2015-06-18 20:00:00,32.1,69,4.49,4.0
2015-06-18 21:00:00,31.5,73,4.44,0.0
2015-06-18 22:00:00,31.1,77,4.6,0.0
2015-06-18 23:00:00,30.8,79,4.31,0.0
2015-06-19 00:00:00,30.4,80,3.93,0.0
2015-06-19 01:00:00,30.2,82,3.67,0.0
2015-06-19 02:00:00,30.0,82,3.59,0.0
2015-06-19 03:00:00,29.9,83,2.65,0.0
2015-06-19 04:00:00,29.7,83,2.6,0.0
2015-06-19 05:00:00,29.6,84,2.57,0.0
2015-06-19 06:00:00,29.5,85,2.68,2.0
2015-06-19 07:00:00,30.0,82,2.92,74.0
2015-06-19 08:00:00,31.2,73,2.92,244.0
2015-06-19 09:00:00,32.7,63,2.86,436.0
2015-06-19 10:00:00,34.2,55,2.75,631.0
2015-06-19 11:00:00,35.6,49,2.73,784.0
2015-06-19 12:00:00,36.6,44,2.81,886.0
2015-06-19 13:00:00,37.4,42,3.2,921.0
2015-06-19 14:00:00,37.9,42,4.29,891.0
2015-06-19 15:00:00,37.3,43,6.02,764.0
2015-06-19 16:00:00,36.3,46,6.31,524.0
2015-06-19 17:00:00,35.7,49,6.23,409.0
2015-06-19 18:00:00,34.5,54,6.09,236.0
2015-06-19 19:00:00,33.2,62,5.72,66.0
2015-06-19 20:00:00,32.4,67,5.13,4.0
2015-06-19 21:00:00,31.9,71,4.69,0.0
2015-06-19 22:00:00,31.5,74,4.3,0.0
2015-06-19 23:00:00,31.2,77,4.08,0.0
2015-06-20 00:00:00,31.0,79,3.83,0.0
2015-06-20 01:00:00,30.8,80,3.45,0.0
2015-06-20 02:00:00,30.6,81,2.92,0.0
2015-06-20 03:00:00,30.4,82,3.09,0.0
2015-06-20 04:00:00,30.2,83,2.73,0.0
2015-06-20 05:00:00,30.1,84,2.69,0.0
2015-06-20 06:00:00,30.0,84,2.56,2.0
2015-06-20 07:00:00,30.7,80,2.72,72.0
2015-06-20 08:00:00,32.2,69,3.16,235.0
2015-06-20 09:00:00,34.1,58,3.42,436.0
2015-06-20 10:00:00,35.9,49,3.64,627.0
2015-06-20 11:00:00,37.4,43,3.86,776.0
2015-06-20 12:00:00,38.4,39,3.96,864.0
2015-06-20 13:00:00,39.1,37,4.2,863.0
2015-06-20 14:00:00,39.4,36,4.57,827.0
2015-06-20 15:00:00,39.3,37,4.65,780.0
2015-06-20 16:00:00,38.3,41,5.35,574.0
2015-06-20 17:00:00,37.0,46,3.75,462.0
2015-06-20 18:00:00,35.7,51,3.69,212.0
2015-06-20 19:00:00,34.6,58,4.61,71.0
2015-06-20 20:00:00,33.3,68,4.39,4.0
2015-06-20 21:00:00,32.6,72,3.95,0.0
2015-06-20 22:00:00,32.2,75,3.45,0.0
2015-06-20 23:00:00,31.9,76,3.22,0.0
2015-06-21 00:00:00,31.8,75,2.61,0.0
2015-06-21 01:00:00,31.7,75,2.22,0.0
2015-06-21 02:00:00,31.5,75,1.63,0.0
2015-06-21 03:00:00,31.2,76,1.26,0.0
2015-06-21 04:00:00,31.0,77,1.7,0.0
2015-06-21 05:00:00,30.8,77,1.93,0.0
2015-06-21 06:00:00,30.9,77,2.18,1.0
2015-06-21 07:00:00,31.9,69,2.77,58.0
2015-06-21 08:00:00,34.4,53,3.5,228.0
2015-06-21 09:00:00,36.5,42,3.81,427.0
2015-06-21 10:00:00,37.9,39,4.08,616.0
2015-06-21 11:00:00,39.2,37,4.47,770.0
2015-06-21 12:00:00,39.7,39,5.1,844.0
2015-06-21 13:00:00,40.7,36,5.73,890.0
2015-06-21 14:00:00,40.5,37,6.33,841.0
2015-06-21 15:00:00,40.1,38,5.1,549.0
2015-06-21 16:00:00,40.9,36,5.1,450.0
2015-06-21 17:00:00,41.0,35,4.81,413.0
2015-06-21 18:00:00,40.1,36,3.89,241.0
2015-06-21 19:00:00,38.7,38,3.28,74.0
2015-06-21 20:00:00,38.3,40,1.92,3.0
2015-06-21 21:00:00,35.9,48,2.44,0.0
2015-06-21 22:00:00,34.8,53,2.5,0.0
2015-06-21 23:00:00,34.5,55,2.14,0.0
2015-06-22 00:00:00,34.9,58,1.49,0.0
2015-06-22 01:00:00,34.3,63,0.92,0.0
2015-06-22 02:00:00,33.7,70,0.81,0.0
2015-06-22 03:00:00,33.4,70,1.2,0.0
2015-06-22 04:00:00,33.0,71,1.93,0.0
2015-06-22 05:00:00,32.7,74,2.11,0.0
2015-06-22 06:00:00,32.3,77,2.12,1.0
2015-06-22 07:00:00,33.0,74,2.09,72.0
2015-06-22 08:00:00,34.7,58,2.6,240.0
2015-06-22 09:00:00,35.7,52,2.42,431.0
2015-06-22 10:00:00,36.5,50,1.77,584.0
2015-06-22 11:00:00,37.4,48,1.36,770.0
2015-06-22 12:00:00,37.8,44,0.95,837.0
2015-06-22 13:00:00,38.8,42,0.81,907.0
2015-06-22 14:00:00,39.7,39,0.8,866.0
2015-06-22 15:00:00,40.2,38,2.72,759.0
2015-06-22 16:00:00,40.3,38,4.24,617.0
2015-06-22 17:00:00,38.7,45,5.07,411.0
2015-06-22 18:00:00,36.8,52,3.72,221.0
2015-06-22 19:00:00,35.5,58,4.2,79.0
2015-06-22 20:00:00,34.8,61,3.71,3.0
2015-06-22 21:00:00,34.5,63,3.54,0.0
2015-06-22 22:00:00,34.3,64,3.22,0.0
2015-06-22 23:00:00,33.9,68,5.06,0.0
2015-06-23 00:00:00,32.9,70,5.65,0.0
2015-06-23 01:00:00,32.9,66,4.65,0.0
2015-06-23 02:00:00,32.9,63,3.69,0.0
2015-06-23 03:00:00,32.9,61,2.64,0.0
2015-06-23 04:00:00,32.8,61,2.3,0.0
2015-06-23 05:00:00,32.5,62,1.72,0.0
2015-06-23 06:00:00,32.2,64,1.28,1.0
2015-06-23 07:00:00,32.6,63,0.82,70.0
2015-06-23 08:00:00,33.7,56,0.81,229.0
2015-06-23 09:00:00,35.0,50,1.36,436.0
2015-06-23 10:00:00,36.2,45,2.19,627.0
2015-06-23 11:00:00,37.3,41,3.38,781.0
2015-06-23 12:00:00,37.5,44,4.53,874.0
2015-06-23 13:00:00,37.9,42,5.69,913.0
2015-06-23 14:00:00,37.8,41,6.44,859.0
2015-06-23 15:00:00,37.3,41,7.02,691.0
2015-06-23 16:00:00,36.8,42,6.91,541.0
2015-06-23 17:00:00,36.4,43,6.52,443.0
2015-06-23 18:00:00,35.3,48,5.78,279.0
2015-06-23 19:00:00,33.4,60,5.37,96.0
2015-06-23 20:00:00,31.8,73,4.48,4.0
2015-06-23 21:00:00,30.8,82,3.55,0.0
2015-06-23 22:00:00,30.2,86,2.96,0.0
2015-06-23 23:00:00,29.8,89,2.67,0.0
2015-06-24 00:00:00,29.4,90,3.26,0.0
2015-06-24 01:00:00,29.2,91,4.27,0.0
2015-06-24 02:00:00,29.2,91,4.28,0.0
2015-06-24 03:00:00,29.1,91,2.75,0.0
2015-06-24 04:00:00,28.8,91,2.82,0.0
2015-06-24 05:00:00,28.6,92,2.57,0.0
2015-06-24 06:00:00,28.4,92,2.42,1.0
2015-06-24 07:00:00,28.8,90,2.76,61.0
2015-06-24 08:00:00,29.3,86,3.24,176.0
2015-06-24 09:00:00,30.4,77,3.86,396.0
2015-06-24 10:00:00,31.7,69,4.48,637.0
2015-06-24 11:00:00,32.5,66,5.0,713.0
2015-06-24 12:00:00,33.1,62,5.46,822.0
2015-06-24 13:00:00,33.4,60,5.87,805.0
2015-06-24 14:00:00,34.0,58,6.3,899.0
2015-06-24 15:00:00,34.0,58,5.28,813.0
2015-06-24 16:00:00,33.5,60,5.12,676.0
2015-06-24 17:00:00,32.8,64,5.48,479.0
2015-06-24 18:00:00,31.8,70,6.1,277.0
2015-06-24 19:00:00,30.9,76,5.8,93.0
2015-06-24 20:00:00,30.3,79,5.46,4.0
2015-06-24 21:00:00,30.1,81,5.09,0.0
2015-06-24 22:00:00,29.9,82,4.62,0.0
2015-06-24 23:00:00,29.6,84,4.34,0.0
2015-06-25 00:00:00,29.7,81,4.52,0.0
2015-06-25 01:00:00,29.5,82,4.3,0.0
2015-06-25 02:00:00,29.1,85,3.76,0.0
2015-06-25 03:00:00,28.8,87,2.61,0.0
2015-06-25 04:00:00,28.6,88,2.73,0.0
2015-06-25 05:00:00,28.5,89,2.91,0.0
2015-06-25 06:00:00,28.4,89,3.18,1.0
2015-06-25 07:00:00,28.9,86,3.55,63.0
2015-06-25 08:00:00,29.8,80,3.5,209.0
2015-06-25 09:00:00,31.0,74,3.4,388.0
2015-06-25 10:00:00,32.1,67,3.11,552.0
2015-06-25 11:00:00,33.2,61,2.97,723.0
2015-06-25 12:00:00,34.1,59,3.34,810.0
2015-06-25 13:00:00,34.6,57,4.0,794.0
2015-06-25 14:00:00,35.0,57,4.86,877.0
2015-06-25 15:00:00,34.7,59,5.38,797.0
2015-06-25 16:00:00,34.1,62,5.66,656.0
2015-06-25 17:00:00,33.3,65,5.47,453.0
2015-06-25 18:00:00,32.4,69,5.27,253.0
2015-06-25 19:00:00,31.4,75,5.15,77.0
2015-06-25 20:00:00,30.6,80,5.25,4.0
2015-06-25 21:00:00,30.1,84,5.48,0.0
2015-06-25 22:00:00,29.8,85,5.28,0.0
2015-06-25 23:00:00,29.8,85,4.88,0.0
