start,end,duration_hours,peak_WBGT,occupation,threshold
2015-06-19 23:00:00,2015-06-23 19:00:00,92,33.65,steel_furnace_worker,EXTREME
2015-06-21 08:00:00,2015-06-23 00:00:00,40,33.65,salt_pan_worker,EXTREME
2015-06-21 08:00:00,2015-06-23 00:00:00,40,33.65,glass_factory_worker,EXTREME
2015-06-22 00:00:00,2015-06-22 19:00:00,19,33.65,road_paver,EXTREME
2015-06-22 00:00:00,2015-06-22 19:00:00,19,33.65,tandoor_baker,EXTREME
2015-06-22 00:00:00,2015-06-22 19:00:00,19,33.65,sewage_worker,EXTREME
2015-06-19 03:00:00,2015-06-19 18:00:00,15,30.93,steel_furnace_worker,EXTREME
2015-06-21 10:00:00,2015-06-21 21:00:00,11,31.27,sewage_worker,EXTREME
2015-06-20 08:00:00,2015-06-20 19:00:00,11,30.87,salt_pan_worker,EXTREME
2015-06-21 10:00:00,2015-06-21 21:00:00,11,31.27,tandoor_baker,EXTREME
2015-06-20 08:00:00,2015-06-20 19:00:00,11,30.87,glass_factory_worker,EXTREME
2015-06-18 09:00:00,2015-06-18 20:00:00,11,30.48,steel_furnace_worker,EXTREME
2015-06-21 10:00:00,2015-06-21 21:00:00,11,31.27,road_paver,EXTREME
2015-06-23 06:00:00,2015-06-23 16:00:00,10,30.48,salt_pan_worker,EXTREME
2015-06-24 08:00:00,2015-06-24 18:00:00,10,28.71,steel_furnace_worker,EXTREME
2015-06-23 06:00:00,2015-06-23 16:00:00,10,30.48,glass_factory_worker,EXTREME
2015-06-25 09:00:00,2015-06-25 19:00:00,10,30.01,steel_furnace_worker,EXTREME
2015-06-22 09:00:00,2015-06-22 18:00:00,9,33.65,cotton_picker,EXTREME
2015-06-22 09:00:00,2015-06-22 18:00:00,9,33.65,brick_kiln_worker,EXTREME
2015-06-22 09:00:00,2015-06-22 18:00:00,9,33.65,agricultural_worker,EXTREME
2015-06-22 09:00:00,2015-06-22 18:00:00,9,33.65,naali_safai,EXTREME
2015-06-20 10:00:00,2015-06-20 18:00:00,8,30.87,tandoor_baker,EXTREME
2015-06-21 11:00:00,2015-06-21 19:00:00,8,31.27,naali_safai,EXTREME
2015-06-21 11:00:00,2015-06-21 19:00:00,8,31.27,brick_kiln_worker,EXTREME
2015-06-18 10:00:00,2015-06-18 18:00:00,8,30.48,salt_pan_worker,EXTREME
2015-06-21 11:00:00,2015-06-21 19:00:00,8,31.27,agricultural_worker,EXTREME
2015-06-20 10:00:00,2015-06-20 18:00:00,8,30.87,road_paver,EXTREME
2015-06-20 10:00:00,2015-06-20 18:00:00,8,30.87,sewage_worker,EXTREME
2015-06-18 10:00:00,2015-06-18 18:00:00,8,30.48,glass_factory_worker,EXTREME
2015-06-21 11:00:00,2015-06-21 19:00:00,8,31.27,cotton_picker,EXTREME
2015-06-19 09:00:00,2015-06-19 16:00:00,7,30.93,salt_pan_worker,EXTREME
2015-06-20 22:00:00,2015-06-21 05:00:00,7,28.52,salt_pan_worker,EXTREME
2015-06-19 09:00:00,2015-06-19 16:00:00,7,30.93,glass_factory_worker,EXTREME
2015-06-23 08:00:00,2015-06-23 15:00:00,7,30.48,road_paver,EXTREME
2015-06-23 08:00:00,2015-06-23 15:00:00,7,30.48,tandoor_baker,EXTREME
2015-06-25 10:00:00,2015-06-25 17:00:00,7,30.01,glass_factory_worker,EXTREME
2015-06-25 10:00:00,2015-06-25 17:00:00,7,30.01,salt_pan_worker,EXTREME
2015-06-20 22:00:00,2015-06-21 05:00:00,7,28.52,glass_factory_worker,EXTREME
2015-06-23 08:00:00,2015-06-23 15:00:00,7,30.48,sewage_worker,EXTREME
2015-06-24 11:00:00,2015-06-24 17:00:00,6,28.71,glass_factory_worker,EXTREME
2015-06-18 11:00:00,2015-06-18 17:00:00,6,30.48,sewage_worker,EXTREME
2015-06-18 11:00:00,2015-06-18 17:00:00,6,30.48,road_paver,EXTREME
2015-06-19 10:00:00,2015-06-19 16:00:00,6,30.93,road_paver,EXTREME
2015-06-24 11:00:00,2015-06-24 17:00:00,6,28.71,salt_pan_worker,EXTREME
2015-06-19 10:00:00,2015-06-19 16:00:00,6,30.93,sewage_worker,EXTREME
2015-06-19 10:00:00,2015-06-19 16:00:00,6,30.93,tandoor_baker,EXTREME
2015-06-18 11:00:00,2015-06-18 17:00:00,6,30.48,tandoor_baker,EXTREME
2015-06-25 11:00:00,2015-06-25 16:00:00,5,30.01,tandoor_baker,EXTREME
2015-06-20 11:00:00,2015-06-20 16:00:00,5,30.87,agricultural_worker,EXTREME
2015-06-20 11:00:00,2015-06-20 16:00:00,5,30.87,brick_kiln_worker,EXTREME
2015-06-25 11:00:00,2015-06-25 16:00:00,5,30.01,road_paver,EXTREME
2015-06-25 11:00:00,2015-06-25 16:00:00,5,30.01,sewage_worker,EXTREME
2015-06-20 11:00:00,2015-06-20 16:00:00,5,30.87,naali_safai,EXTREME
2015-06-20 11:00:00,2015-06-20 16:00:00,5,30.87,cotton_picker,EXTREME
2015-06-19 11:00:00,2015-06-19 15:00:00,4,30.93,naali_safai,EXTREME
2015-06-23 21:00:00,2015-06-24 01:00:00,4,27.74,steel_furnace_worker,EXTREME
2015-06-19 11:00:00,2015-06-19 15:00:00,4,30.93,cotton_picker,EXTREME
2015-06-19 11:00:00,2015-06-19 15:00:00,4,30.93,agricultural_worker,EXTREME
2015-06-19 11:00:00,2015-06-19 15:00:00,4,30.93,brick_kiln_worker,EXTREME
2015-06-18 11:00:00,2015-06-18 14:00:00,3,30.48,cotton_picker,EXTREME
2015-06-18 11:00:00,2015-06-18 14:00:00,3,30.48,agricultural_worker,EXTREME
2015-06-23 10:00:00,2015-06-23 13:00:00,3,30.48,brick_kiln_worker,EXTREME
2015-06-18 11:00:00,2015-06-18 14:00:00,3,30.48,brick_kiln_worker,EXTREME
2015-06-18 11:00:00,2015-06-18 14:00:00,3,30.48,naali_safai,EXTREME
2015-06-23 10:00:00,2015-06-23 13:00:00,3,30.48,cotton_picker,EXTREME
2015-06-23 10:00:00,2015-06-23 13:00:00,3,30.48,naali_safai,EXTREME
2015-06-23 10:00:00,2015-06-23 13:00:00,3,30.48,agricultural_worker,EXTREME
2015-06-22 01:00:00,2015-06-22 03:00:00,2,30.49,brick_kiln_worker,EXTREME
2015-06-22 01:00:00,2015-06-22 03:00:00,2,30.49,agricultural_worker,EXTREME
2015-06-22 01:00:00,2015-06-22 03:00:00,2,30.49,naali_safai,EXTREME
2015-06-22 01:00:00,2015-06-22 03:00:00,2,30.49,cotton_picker,EXTREME
2015-06-24 03:00:00,2015-06-24 04:00:00,1,27.2,steel_furnace_worker,EXTREME
2015-06-25 12:00:00,2015-06-25 13:00:00,1,30.01,agricultural_worker,EXTREME
2015-06-25 12:00:00,2015-06-25 13:00:00,1,30.01,brick_kiln_worker,EXTREME
2015-06-25 12:00:00,2015-06-25 13:00:00,1,30.01,cotton_picker,EXTREME
2015-06-25 12:00:00,2015-06-25 13:00:00,1,30.01,naali_safai,EXTREME
